House_Area,Bedrooms,Bathrooms,House_Age,House_Price,Price_Category
212.3,4,3,18,757709000,0
477.3,8,6,16,1764423000,1
376.7,8,4,14,1492924000,1
315.4,7,5,6,1290173000,1
111.8,3,2,22,515880000,0
111.8,2,1,29,402064000,0
66.7,3,2,23,271381000,0
438.4,8,5,18,1656268000,1
316.5,7,5,9,1206829000,1
365.7,8,5,14,1390453000,1
49.5,1,1,19,249160000,0
486.2,8,6,16,1884115000,1
422.9,8,6,13,1664615000,1
137.7,3,2,26,454192000,0
123.6,3,2,29,464392000,0
124.4,3,2,26,433955000,0
180.0,3,2,22,727944000,0
281.4,6,4,10,1095213000,1
238.7,6,4,18,919981000,0
174.0,3,3,16,691141000,0
321.5,7,5,13,1254993000,1
104.2,1,1,19,447208000,0
174.4,4,2,13,660014000,0
208.5,5,3,5,795235000,0
249.8,4,2,13,837479000,0
401.2,8,5,15,1551455000,1
131.8,2,1,12,475473000,0
276.5,6,3,17,1005499000,0
312.5,7,6,29,1298515000,1
61.4,2,2,30,291506000,0
319.5,6,5,27,1230130000,1
118.4,3,1,24,513275000,0
69.9,2,1,31,294494000,0
476.5,8,5,6,1774771000,1
484.2,8,5,7,1787675000,1
411.9,8,5,1,1651889000,1
180.1,3,3,28,703157000,0
84.9,2,1,33,316319000,0
354.7,7,5,11,1355948000,1
242.5,3,2,16,914358000,0
96.1,2,2,17,364523000,0
267.8,7,4,20,1071371000,0
55.8,1,1,31,266672000,0
458.3,8,6,1,1755822000,1
159.0,4,2,23,553015000,0
344.8,8,6,13,1350995000,1
183.4,4,3,21,772623000,0
279.2,6,4,20,1105903000,1
291.5,6,3,15,1116001000,1
125.0,4,2,21,496091000,0
486.0,8,6,10,1878041000,1
396.6,8,5,20,1489910000,1
472.2,8,6,14,1817795000,1
451.6,8,5,14,1683214000,1
315.0,7,4,7,1212605000,1
464.1,8,6,9,1759433000,1
80.7,2,1,29,286347000,0
130.2,3,2,22,513443000,0
60.8,1,1,28,234156000,0
189.7,3,2,32,520064000,0
218.8,5,3,26,812816000,0
164.8,4,3,21,650739000,0
421.2,8,6,9,1718568000,1
204.1,7,5,1,883520000,0
169.2,4,2,19,671766000,0
289.6,6,4,14,1206996000,1
104.8,2,2,25,351276000,0
409.0,8,6,12,1623529000,1
74.3,2,1,21,262658000,0
494.0,8,5,1,1855091000,1
395.2,8,4,7,1491500000,1
131.4,2,1,25,440546000,0
42.5,2,2,36,311486000,0
415.1,8,5,12,1641321000,1
365.2,8,5,17,1483218000,1
375.3,8,6,21,1502100000,1
394.8,8,4,8,1452078000,1
74.1,2,1,25,307893000,0
204.9,5,4,14,898962000,0
93.3,1,1,28,289157000,0
437.0,8,5,14,1712840000,1
326.7,8,6,18,1362135000,1
192.2,4,3,14,853382000,0
69.2,1,1,28,231640000,0
183.1,3,2,34,611528000,0
189.6,5,3,13,765447000,0
375.6,8,5,12,1541521000,1
333.3,7,5,17,1231282000,1
448.1,8,5,18,1603843000,1
257.2,7,4,14,1058063000,0
95.0,2,1,2,383083000,0
368.1,8,5,24,1429268000,1
390.0,8,5,19,1551539000,1
298.2,7,4,4,1180374000,1
394.6,8,5,9,1459435000,1
267.1,7,5,28,1171722000,1
280.5,7,5,27,1079725000,0
236.7,7,4,25,918783000,0
51.7,2,2,22,296107000,0
89.6,2,2,23,348418000,0
54.5,1,1,23,210547000,0
332.7,7,4,23,1299366000,1
184.6,4,3,14,794481000,0
273.9,6,4,12,1078474000,0
457.5,8,5,19,1793398000,1
154.7,4,2,20,519929000,0
228.8,4,3,28,893350000,0
387.6,8,6,9,1505541000,1
145.2,4,2,20,647392000,0
75.4,2,1,16,318672000,0
173.3,2,1,20,587279000,0
114.2,2,1,11,476268000,0
467.7,8,6,8,1841833000,1
411.7,8,5,3,1639325000,1
331.4,7,5,20,1255144000,1
440.9,8,5,17,1654099000,1
409.7,8,5,1,1607857000,1
125.8,3,2,31,481703000,0
450.6,8,6,30,1736659000,1
288.1,6,4,17,1038249000,0
411.4,8,5,9,1612525000,1
452.2,8,6,32,1690991000,1
186.3,5,3,10,739427000,0
90.6,2,1,23,313508000,0
144.9,4,3,22,593026000,0
236.5,6,4,28,779751000,0
416.3,8,6,16,1589602000,1
435.9,8,5,9,1636468000,1
43.2,1,1,17,213215000,0
274.9,6,4,15,1054431000,0
232.0,5,3,11,911720000,0
142.2,3,3,21,647442000,0
95.1,1,1,18,398066000,0
195.3,5,3,9,848562000,0
473.7,8,6,20,1774346000,1
188.7,4,3,16,779276000,0
278.6,6,5,8,1127995000,1
363.4,8,5,13,1427056000,1
207.3,5,4,20,864796000,0
487.0,8,6,1,1850535000,1
482.7,8,6,14,1904825000,1
155.8,3,2,13,608354000,0
268.7,6,4,29,1070666000,0
178.4,5,3,24,789382000,0
171.0,3,2,17,702624000,0
57.0,1,1,18,167999000,0
320.4,7,5,15,1296300000,1
271.2,6,4,22,1103122000,1
63.7,2,2,23,322974000,0
168.2,4,3,19,633142000,0
457.8,8,5,12,1710393000,1
150.2,4,2,16,654395000,0
106.7,3,2,20,410161000,0
265.1,6,4,3,1069834000,0
493.4,8,5,18,1912794000,1
151.3,5,4,23,659009000,0
349.2,8,5,10,1363735000,1
390.3,8,5,27,1454467000,1
149.3,4,2,21,611732000,0
375.0,8,5,7,1425008000,1
209.2,3,2,25,751310000,0
330.9,8,4,18,1314875000,1
331.4,7,5,18,1363942000,1
286.5,6,4,14,1159840000,1
81.5,2,3,26,323667000,0
424.2,8,6,11,1709469000,1
187.6,5,3,24,739842000,0
125.8,2,1,8,433953000,0
58.8,2,2,20,265418000,0
311.8,7,5,28,1287478000,1
351.7,8,4,10,1389876000,1
47.6,1,1,19,199883000,0
275.6,5,3,14,1128595000,1
144.2,4,3,12,556029000,0
336.8,7,5,1,1298908000,1
120.2,3,2,20,414927000,0
357.8,8,5,16,1428729000,1
217.9,6,3,18,887772000,0
470.9,8,6,11,1875303000,1
103.3,2,1,22,400516000,0
196.9,4,2,27,718893000,0
92.2,2,1,21,356121000,0
465.4,8,6,8,1799577000,1
443.6,8,5,10,1623291000,1
158.7,3,2,25,722805000,0
343.6,7,4,25,1331914000,1
415.9,8,5,9,1621330000,1
295.4,8,5,17,1237962000,1
283.6,6,4,19,1142443000,1
151.3,3,2,14,592835000,0
82.8,2,1,23,293554000,0
452.7,8,5,2,1770615000,1
454.2,8,5,1,1767797000,1
331.2,8,5,18,1286395000,1
196.0,5,2,17,836057000,0
200.6,5,3,21,814121000,0
373.9,8,6,14,1522322000,1
452.7,8,4,5,1778276000,1
448.1,8,5,12,1709905000,1
398.7,8,5,5,1579103000,1
335.3,7,5,25,1340411000,1
78.7,1,1,13,278221000,0
114.3,3,2,20,471192000,0
453.3,8,4,5,1723210000,1
319.0,7,5,20,1218777000,1
44.2,2,2,21,328734000,0
86.7,3,2,19,319112000,0
345.2,8,5,21,1303225000,1
42.3,2,1,24,249500000,0
114.0,3,2,25,489897000,0
292.4,7,4,10,1128512000,1
358.3,7,5,5,1444888000,1
339.9,7,5,16,1402733000,1
143.2,3,2,19,561878000,0
367.6,8,5,19,1554267000,1
149.1,3,3,20,524537000,0
189.7,4,3,21,779262000,0
383.4,8,5,3,1572374000,1
338.8,8,6,29,1387270000,1
430.6,8,5,12,1643724000,1
342.5,7,4,20,1301930000,1
301.4,7,4,11,1221467000,1
83.1,1,1,25,337629000,0
209.1,4,3,10,859231000,0
162.0,3,1,24,638203000,0
152.2,3,1,18,526191000,0
487.6,8,4,11,1805070000,1
220.8,4,3,24,799259000,0
450.3,8,5,4,1714585000,1
330.3,7,4,11,1339645000,1
405.6,8,5,17,1567779000,1
271.2,7,4,32,1180149000,1
305.4,7,5,15,1236983000,1
266.6,5,3,22,1012806000,0
129.8,3,2,21,521138000,0
372.3,8,5,28,1405659000,1
169.2,4,3,8,705837000,0
51.2,2,2,24,291590000,0
336.9,6,4,4,1316209000,1
121.5,3,2,4,488094000,0
472.6,8,5,14,1741691000,1
478.8,8,5,12,1786901000,1
460.8,8,5,10,1756884000,1
210.3,4,2,18,851671000,0
47.1,1,1,40,95398000,0
467.0,8,5,10,1759008000,1
237.0,6,3,22,939894000,0
484.7,8,5,7,1753523000,1
483.3,8,5,13,1782048000,1
432.4,8,4,11,1608085000,1
175.4,3,1,17,612461000,0
217.1,4,3,32,822355000,0
431.5,8,5,21,1630575000,1
185.8,3,2,21,670572000,0
118.0,3,2,5,529858000,0
296.1,7,4,14,1256058000,1
470.6,8,6,30,1840687000,1
360.2,8,6,13,1361115000,1
302.2,6,3,24,1164008000,1
84.7,2,2,33,322029000,0
322.9,8,5,17,1305262000,1
495.4,8,5,5,1856357000,1
104.4,2,1,5,432371000,0
278.4,6,3,22,1072693000,0
443.6,8,5,7,1678467000,1
380.8,8,5,15,1447223000,1
360.6,8,5,6,1420729000,1
363.1,7,4,13,1405462000,1
205.4,4,2,19,807235000,0
175.1,4,3,22,737721000,0
412.3,8,5,5,1586121000,1
412.7,8,5,22,1588413000,1
438.9,8,5,8,1730793000,1
460.1,8,6,1,1843772000,1
275.2,5,3,16,1046993000,0
270.7,7,5,18,1101298000,1
407.2,8,6,14,1604641000,1
339.0,8,5,25,1282063000,1
362.9,8,5,13,1425568000,1
406.1,8,5,13,1606026000,1
449.4,8,6,4,1779968000,1
195.5,5,3,25,764438000,0
212.8,4,2,20,811757000,0
83.2,2,1,20,292131000,0
306.0,6,5,3,1267857000,1
56.5,1,1,33,196298000,0
254.2,6,3,9,1002022000,0
289.6,6,4,13,1125442000,1
171.8,4,2,23,661930000,0
311.8,6,4,8,1202606000,1
54.0,1,1,13,261416000,0
57.2,1,1,8,234252000,0
418.4,8,6,18,1695563000,1
205.7,4,3,15,877174000,0
98.4,3,2,40,337761000,0
280.2,6,4,10,1120777000,1
394.2,8,5,7,1517160000,1
139.3,3,1,17,518061000,0
326.5,7,4,17,1359909000,1
79.3,3,2,19,344919000,0
63.8,1,1,27,251370000,0
284.4,7,4,10,1173439000,1
288.7,7,4,7,1123812000,1
333.2,7,4,3,1280761000,1
374.0,8,5,1,1439529000,1
488.9,8,5,7,1809611000,1
277.5,6,4,15,970749000,0
188.6,4,3,15,781026000,0
405.8,8,5,22,1645999000,1
164.6,4,2,29,636372000,0
241.9,6,4,16,919348000,0
76.1,1,1,10,279595000,0
51.7,2,1,20,207791000,0
482.8,8,5,7,1784169000,1
424.6,8,5,8,1680428000,1
360.1,8,6,10,1489782000,1
228.1,4,3,14,832925000,0
119.7,2,2,19,502669000,0
112.0,2,1,17,496107000,0
155.1,3,2,22,680935000,0
292.6,6,3,19,1246255000,1
368.7,8,4,8,1400250000,1
343.7,8,5,24,1477930000,1
168.8,5,4,13,721221000,0
479.2,8,6,1,1825779000,1
379.4,8,5,17,1493798000,1
295.0,5,2,11,1074807000,0
321.4,7,4,18,1269437000,1
233.0,6,4,2,923197000,0
154.0,5,3,30,623056000,0
203.7,4,2,24,822691000,0
388.6,8,5,3,1533952000,1
46.6,1,1,13,214492000,0
93.4,2,2,34,377267000,0
61.2,1,1,18,297520000,0
58.7,2,1,17,182355000,0
433.5,8,5,1,1710504000,1
363.7,8,6,12,1448774000,1
258.1,6,4,16,1042419000,0
85.0,2,2,28,388698000,0
266.1,6,4,8,1022782000,0
257.8,6,3,7,984391000,0
119.7,3,2,25,388946000,0
239.6,5,4,25,915008000,0
223.3,5,4,8,981429000,0
323.3,8,6,23,1304134000,1
332.1,8,5,16,1269414000,1
60.8,1,1,31,195704000,0
212.3,5,3,18,777406000,0
327.9,7,4,1,1255647000,1
271.4,7,5,16,1134977000,1
434.0,8,5,20,1594976000,1
343.0,8,6,9,1450669000,1
114.9,3,2,19,469480000,0
72.5,1,1,22,276852000,0
335.5,7,4,1,1318073000,1
52.2,1,1,35,216818000,0
309.5,7,4,10,1264642000,1
472.5,8,4,15,1774077000,1
304.7,8,5,16,1267456000,1
218.6,5,4,28,856976000,0
335.9,8,5,18,1362279000,1
250.8,4,2,16,916356000,0
291.0,6,4,10,1152300000,1
473.1,8,5,17,1766561000,1
217.6,4,3,6,846745000,0
482.1,8,6,16,1800710000,1
456.5,8,5,4,1772846000,1
130.1,2,2,30,540297000,0
71.9,2,1,24,337780000,0
86.4,1,1,27,250935000,0
48.4,1,1,24,249894000,0
83.4,3,2,10,375563000,0
354.2,7,4,9,1401473000,1
72.7,1,1,28,220860000,0
186.7,4,3,21,744829000,0
428.6,8,5,21,1642638000,1
50.7,2,1,26,146433000,0
414.7,8,6,6,1663412000,1
169.7,4,3,15,756607000,0
94.4,2,2,23,373221000,0
360.5,8,6,1,1533808000,1
329.3,8,5,27,1290224000,1
443.6,8,5,15,1726751000,1
378.1,8,6,23,1385084000,1
409.6,8,5,2,1714565000,1
169.7,5,3,29,753336000,0
121.6,3,2,37,445312000,0
385.3,8,5,5,1433216000,1
411.1,8,6,19,1611481000,1
495.6,8,5,11,1797943000,1
229.8,5,2,8,918378000,0
211.1,5,3,22,851040000,0
397.1,8,6,19,1511357000,1
196.8,5,4,15,873204000,0
468.1,8,5,20,1793171000,1
434.9,8,5,1,1732592000,1
237.3,5,3,8,944759000,0
385.4,7,5,15,1420581000,1
387.1,8,5,14,1553724000,1
87.4,1,2,17,340513000,0
455.2,8,5,18,1657100000,1
272.4,6,4,21,1131522000,1
420.2,8,5,19,1700113000,1
187.2,3,2,19,702184000,0
451.9,8,5,16,1810240000,1
219.0,6,4,16,913909000,0
45.0,1,1,38,135879000,0
456.5,8,5,6,1719429000,1
82.0,2,2,37,387069000,0
186.9,5,3,20,723974000,0
477.0,8,6,2,1876487000,1
477.3,8,5,21,1759198000,1
303.8,7,5,17,1198446000,1
330.6,7,5,22,1341281000,1
246.3,5,2,27,896058000,0
174.9,4,4,22,702464000,0
191.2,5,4,15,855816000,0
349.4,8,5,22,1444963000,1
386.1,7,4,14,1495531000,1
404.1,8,5,18,1526655000,1
403.2,8,5,1,1564263000,1
82.0,2,1,26,316996000,0
267.4,6,4,13,1085122000,1
66.5,2,2,35,223346000,0
292.8,7,5,21,1208497000,1
243.1,5,4,20,964768000,0
448.3,8,5,16,1624353000,1
201.4,4,3,12,761678000,0
93.9,1,1,34,294794000,0
105.8,2,3,36,410281000,0
390.3,8,5,17,1598978000,1
324.4,8,5,27,1293798000,1
86.5,2,1,19,303965000,0
78.7,2,2,17,352768000,0
362.4,8,5,15,1412836000,1
73.5,1,2,26,304814000,0
418.1,8,5,10,1643046000,1
364.9,8,4,18,1463095000,1
77.4,2,1,25,299587000,0
79.0,3,1,16,415553000,0
493.9,8,6,15,1912341000,1
212.2,5,2,25,776205000,0
210.5,5,3,20,934044000,0
413.9,8,4,21,1574195000,1
475.7,8,5,3,1777659000,1
493.6,8,6,14,1946901000,1
386.6,8,5,6,1617620000,1
213.1,4,2,11,819434000,0
78.4,2,1,18,295216000,0
397.5,8,5,7,1549243000,1
296.9,6,4,13,1197243000,1
235.1,4,2,17,936824000,0
456.9,8,5,18,1750752000,1
91.2,2,1,20,359418000,0
266.6,5,3,6,1109531000,1
45.2,1,1,32,151562000,0
255.6,6,4,12,1081311000,0
65.9,1,1,23,236917000,0
94.7,2,1,25,375436000,0
94.1,2,1,24,351010000,0
338.6,7,5,23,1316007000,1
383.2,8,5,17,1474258000,1
308.3,7,4,10,1286078000,1
482.6,8,5,26,1758338000,1
212.4,3,2,20,749370000,0
171.4,4,2,19,766925000,0
439.6,8,5,19,1711723000,1
142.9,3,3,23,468950000,0
483.1,8,4,14,1769483000,1
45.6,2,1,40,87380000,0
486.1,8,6,9,1815739000,1
59.9,1,1,21,93447000,0
449.9,8,5,13,1706515000,1
282.7,8,5,24,1104253000,1
496.8,8,5,1,1889456000,1
73.9,2,2,9,270350000,0
294.8,6,4,12,1164091000,1
485.9,8,6,1,1855209000,1
280.6,6,3,14,1156508000,1
329.5,8,5,19,1378911000,1
360.0,8,4,8,1448341000,1
249.1,6,3,8,985422000,0
328.7,8,6,16,1430182000,1
308.8,7,5,22,1155273000,1
454.5,8,5,1,1688240000,1
60.9,1,1,29,218110000,0
169.2,3,2,26,733872000,0
477.2,8,5,18,1780935000,1
449.5,8,6,21,1709154000,1
249.6,5,2,33,846834000,0
325.3,7,5,13,1338527000,1
167.6,3,2,21,680213000,0
126.5,4,2,18,565308000,0
253.3,6,4,18,987245000,0
202.5,4,4,30,761198000,0
308.5,7,4,7,1174009000,1
75.8,2,1,17,315334000,0
488.2,8,5,21,1770622000,1
493.7,8,5,18,1789856000,1
361.2,8,5,12,1411774000,1
286.6,6,4,23,1090108000,1
182.4,3,1,22,636471000,0
414.3,8,5,24,1597750000,1
355.0,8,6,15,1430557000,1
114.8,3,2,29,439393000,0
459.0,8,6,30,1738036000,1
418.4,8,5,17,1559261000,1
476.9,8,6,12,1827818000,1
373.8,8,5,19,1463937000,1
322.2,7,4,13,1196403000,1
232.4,5,3,35,919486000,0
469.1,8,5,13,1734455000,1
438.4,8,5,11,1683944000,1
60.8,1,1,17,297959000,0
52.1,1,1,31,231375000,0
213.2,6,3,25,852785000,0
412.9,8,6,10,1605968000,1
494.1,8,5,15,1892758000,1
109.2,3,2,11,500801000,0
313.3,7,4,17,1199734000,1
215.2,5,3,22,809870000,0
486.2,8,5,23,1715584000,1
427.4,8,5,7,1659611000,1
425.6,8,5,4,1649199000,1
255.6,7,4,11,1106049000,1
230.8,5,3,9,937717000,0
165.8,3,2,30,673600000,0
65.9,1,1,34,196499000,0
437.8,8,5,15,1721177000,1
413.9,8,6,22,1577679000,1
499.9,8,4,12,1887672000,1
498.5,8,6,10,1830556000,1
295.5,6,4,14,1169181000,1
393.7,8,6,12,1467529000,1
474.6,8,5,1,1803699000,1
430.8,8,6,15,1689376000,1
153.8,4,2,20,589716000,0
247.3,6,3,23,917090000,0
99.4,2,2,23,435155000,0
478.9,8,5,10,1806824000,1
318.8,6,4,10,1219129000,1
145.2,4,3,21,607525000,0
349.0,8,5,20,1494450000,1
324.3,8,5,8,1372668000,1
204.8,4,2,20,828676000,0
92.2,1,1,24,351640000,0
348.9,8,5,10,1402972000,1
279.3,6,3,13,978936000,0
395.3,8,5,15,1503406000,1
279.3,6,5,9,1117134000,1
432.0,8,6,15,1589030000,1
293.9,6,4,10,1109396000,1
298.0,8,5,24,1115462000,1
443.3,8,5,29,1657835000,1
225.6,5,4,13,955764000,0
101.6,2,1,26,425925000,0
53.2,2,1,18,255905000,0
387.4,8,6,21,1475327000,1
325.3,7,4,7,1199017000,1
363.9,8,6,18,1370421000,1
138.0,2,1,15,457496000,0
102.7,3,3,21,411641000,0
46.7,1,1,16,195251000,0
201.3,4,2,25,709523000,0
311.4,6,3,10,1210734000,1
220.4,3,2,23,791828000,0
241.2,5,3,16,941315000,0
455.9,8,5,11,1787191000,1
200.2,5,3,20,748530000,0
276.4,6,4,12,1120322000,1
400.5,8,5,15,1549971000,1
222.4,5,3,29,839673000,0
326.2,8,5,10,1362677000,1
436.7,8,5,21,1693996000,1
476.8,8,6,22,1760168000,1
107.7,3,2,16,447443000,0
466.2,8,6,1,1823495000,1
266.4,6,4,20,1041195000,0
158.8,4,3,17,683486000,0
251.2,6,4,31,995494000,0
490.8,8,6,11,1952025000,1
266.6,6,4,12,1001257000,0
191.2,4,2,12,743330000,0
331.4,7,5,23,1254597000,1
150.5,4,3,17,657785000,0
74.9,1,1,23,205907000,0
99.3,1,1,29,360344000,0
98.9,2,2,19,375128000,0
109.9,2,2,22,399643000,0
103.9,2,1,22,326388000,0
334.8,8,5,20,1309432000,1
123.7,3,1,26,513643000,0
199.0,5,2,18,778667000,0
452.5,8,5,13,1749246000,1
258.0,5,3,15,1071509000,0
347.1,8,5,5,1411589000,1
119.3,2,1,23,413614000,0
128.5,3,2,35,505226000,0
58.8,2,2,17,254667000,0
117.7,3,2,16,464941000,0
168.2,4,2,14,602845000,0
121.4,2,2,27,501162000,0
80.8,1,1,26,274190000,0
95.5,2,2,21,396794000,0
252.0,5,3,11,938782000,0
134.9,4,2,22,568298000,0
207.6,5,3,8,815033000,0
271.6,5,3,18,1027743000,0
357.6,8,5,21,1440822000,1
58.1,2,1,15,294504000,0
407.7,8,4,3,1574649000,1
328.8,8,5,27,1217594000,1
77.6,1,1,19,429996000,0
441.8,8,5,20,1751324000,1
463.6,8,5,11,1793040000,1
68.1,1,1,22,225026000,0
167.4,4,2,23,645568000,0
410.9,8,4,7,1553426000,1
384.2,8,5,15,1555314000,1
124.9,3,2,19,516493000,0
136.3,3,1,12,497873000,0
210.4,4,3,21,793096000,0
262.9,7,5,16,1140733000,1
324.4,6,4,15,1321084000,1
209.7,5,3,11,918815000,0
252.8,7,5,29,1066026000,0
383.8,8,5,20,1475792000,1
56.9,1,1,30,80000000,0
156.1,3,2,18,619892000,0
368.1,8,5,2,1472838000,1
451.8,8,5,26,1699059000,1
275.4,5,3,17,1050705000,0
284.8,7,5,12,1108678000,1
89.3,1,2,25,367843000,0
245.8,5,3,26,964010000,0
285.0,6,4,17,1149705000,1
151.5,4,3,30,650396000,0
163.9,3,2,28,638662000,0
213.6,5,3,11,844069000,0
49.2,3,3,19,281252000,0
188.2,3,1,26,675341000,0
137.3,3,1,2,561206000,0
190.6,4,2,19,777840000,0
95.1,2,2,12,434285000,0
449.6,8,4,9,1791200000,1
313.1,7,3,14,1310211000,1
352.4,8,5,12,1406264000,1
403.0,8,5,10,1395951000,1
269.3,6,3,10,1116417000,1
80.0,2,1,39,256683000,0
287.1,5,3,30,1023653000,0
309.9,6,4,8,1198750000,1
382.9,8,5,25,1454181000,1
238.6,6,4,15,1002072000,0
98.7,2,1,23,302665000,0
170.5,4,2,20,618103000,0
207.0,5,3,14,850842000,0
337.1,7,4,22,1321752000,1
302.6,7,4,17,1222189000,1
203.8,5,4,16,807743000,0
493.8,8,4,2,1809138000,1
318.7,7,5,10,1258041000,1
149.1,3,2,9,612914000,0
86.8,2,2,23,423606000,0
110.3,2,1,13,337825000,0
153.1,5,3,19,642987000,0
113.9,2,1,31,345509000,0
125.8,3,1,30,389209000,0
171.1,3,2,20,694033000,0
119.8,3,2,21,508868000,0
452.5,8,6,25,1739225000,1
76.9,1,1,26,320526000,0
281.3,7,5,15,1129573000,1
228.8,6,5,8,959691000,0
491.9,8,5,14,1943438000,1
91.5,1,1,28,310704000,0
223.0,6,4,14,959681000,0
486.0,8,4,13,1806487000,1
438.1,8,6,10,1619748000,1
415.9,8,5,12,1513872000,1
158.6,4,3,3,658466000,0
118.6,2,1,20,490045000,0
347.6,8,5,22,1402793000,1
467.5,8,6,7,1844133000,1
296.1,6,4,17,1110103000,1
302.9,6,5,11,1282994000,1
168.8,4,3,23,633740000,0
394.0,8,4,12,1523377000,1
126.0,3,2,15,515734000,0
188.9,6,4,29,779656000,0
235.7,4,3,25,947477000,0
273.5,7,5,13,1098470000,1
151.5,3,1,24,497068000,0
92.8,1,1,26,330860000,0
320.9,6,5,20,1231888000,1
172.8,4,3,8,871942000,0
307.4,7,5,23,1249123000,1
111.0,2,2,18,425780000,0
261.3,7,5,15,1039635000,0
285.0,5,3,35,958387000,0
63.8,1,1,25,193025000,0
194.8,3,2,17,737532000,0
101.8,3,2,7,518990000,0
69.2,2,1,33,308916000,0
495.4,8,6,1,1914589000,1
188.3,2,1,13,665017000,0
412.5,8,5,11,1609097000,1
157.1,4,3,30,602381000,0
353.5,8,5,20,1467526000,1
389.7,8,6,13,1533526000,1
314.0,6,4,18,1205915000,1
256.9,6,4,13,937368000,0
229.4,6,4,19,928285000,0
200.5,3,2,20,782242000,0
467.6,8,4,18,1689272000,1
422.1,8,5,20,1575938000,1
483.9,8,6,15,1875152000,1
97.2,2,1,20,307590000,0
376.2,8,5,19,1512441000,1
471.6,8,5,11,1762174000,1
123.4,3,1,14,470394000,0
70.6,1,1,20,220345000,0
380.9,8,5,15,1504892000,1
304.3,7,4,23,1297454000,1
427.2,8,5,12,1677207000,1
104.3,3,2,14,409867000,0
405.8,8,5,14,1620663000,1
132.7,2,2,22,491389000,0
115.3,2,1,23,487812000,0
115.6,3,3,28,515220000,0
414.7,8,6,20,1475599000,1
346.0,7,4,11,1299016000,1
280.6,7,5,13,1195417000,1
205.1,5,3,12,840145000,0
443.5,8,5,17,1638131000,1
220.5,4,3,29,802088000,0
415.6,8,6,11,1543139000,1
242.0,7,5,16,1019423000,0
213.4,5,3,29,925361000,0
252.8,6,3,21,1022182000,0
178.6,3,2,23,767089000,0
383.9,8,6,6,1577188000,1
271.3,6,3,22,1089397000,1
146.8,4,2,14,691594000,0
453.8,8,5,4,1760137000,1
216.6,5,3,16,853695000,0
290.0,5,3,13,1149470000,1
457.0,8,5,10,1806823000,1
327.1,7,4,6,1272122000,1
93.8,2,1,29,312689000,0
472.3,8,6,19,1800609000,1
328.7,8,5,2,1384257000,1
194.1,6,3,26,824034000,0
104.1,3,2,16,380032000,0
405.3,8,6,19,1665982000,1
325.2,8,5,15,1280788000,1
285.4,7,4,17,1126352000,1
451.2,8,5,11,1680221000,1
402.8,8,4,22,1643385000,1
109.8,3,2,13,479253000,0
183.4,4,3,24,683586000,0
154.3,4,2,28,637637000,0
382.2,8,6,19,1540651000,1
55.4,2,1,40,191832000,0
302.1,6,4,13,1219547000,1
390.7,8,5,21,1470102000,1
443.3,8,5,12,1671379000,1
197.4,5,3,28,686220000,0
417.8,8,5,13,1550382000,1
90.9,2,2,20,457223000,0
429.4,8,5,22,1702944000,1
98.6,2,1,19,383480000,0
222.8,5,4,9,992792000,0
406.8,8,5,10,1573557000,1
109.0,2,2,26,410847000,0
145.5,4,3,31,589143000,0
372.2,8,5,15,1454419000,1
371.2,8,6,24,1451156000,1
334.9,7,4,6,1370133000,1
359.2,7,5,12,1413196000,1
289.7,6,4,15,1170102000,1
155.8,4,3,20,687972000,0
199.0,5,3,20,815268000,0
123.5,3,1,26,420538000,0
457.9,8,5,9,1685401000,1
308.4,7,4,17,1218575000,1
224.4,5,3,18,875373000,0
252.5,6,4,11,1030933000,0
475.8,8,5,11,1798838000,1
110.5,3,3,21,592861000,0
309.7,7,5,15,1182180000,1
272.7,5,3,17,950092000,0
321.3,8,5,16,1310117000,1
48.3,1,1,21,180621000,0
441.2,8,4,21,1661063000,1
468.8,8,5,3,1819435000,1
300.0,6,4,11,1236785000,1
360.5,8,4,34,1294775000,1
464.3,8,5,4,1751708000,1
365.3,8,5,5,1477254000,1
110.2,1,1,27,418311000,0
305.1,8,5,2,1370025000,1
319.1,7,5,14,1317127000,1
235.1,5,3,33,884765000,0
378.8,8,5,3,1465090000,1
469.8,8,5,1,1774967000,1
465.8,8,6,1,1782888000,1
247.4,5,3,24,974166000,0
92.1,1,1,30,331285000,0
493.0,8,5,7,1803036000,1
425.9,8,6,18,1628264000,1
97.3,2,1,32,389850000,0
463.6,8,6,24,1772345000,1
440.2,8,5,11,1711229000,1
278.7,5,3,1,1108071000,1
312.0,6,4,10,1292589000,1
223.5,6,4,16,934822000,0
65.2,1,1,21,234269000,0
194.2,4,2,18,705231000,0
409.3,8,5,21,1577992000,1
42.1,1,1,33,80000000,0
193.4,5,4,18,797587000,0
223.2,6,4,26,893977000,0
287.2,6,3,19,1038639000,0
463.1,8,6,12,1737148000,1
199.3,4,3,26,805195000,0
199.6,5,3,20,810102000,0
379.3,8,5,29,1459340000,1
248.0,5,3,8,992386000,0
143.3,3,2,17,571728000,0
248.1,5,3,17,1016849000,0
104.8,2,1,25,393914000,0
121.1,2,1,30,364900000,0
269.2,6,4,17,1141796000,1
232.7,5,3,8,946305000,0
460.8,8,5,18,1711044000,1
206.7,5,4,24,780037000,0
307.1,6,4,3,1235536000,1
330.8,7,5,16,1302287000,1
46.0,1,1,13,277037000,0
345.2,7,4,10,1328074000,1
121.9,3,2,15,465398000,0
482.1,8,5,17,1848031000,1
108.4,2,1,23,445518000,0
230.7,4,2,9,888829000,0
79.3,2,2,29,351196000,0
498.6,8,6,1,1912824000,1
271.0,6,4,20,1078724000,0
313.9,7,5,10,1317905000,1
70.9,1,1,20,300019000,0
385.0,8,5,18,1487383000,1
136.6,4,3,25,630976000,0
453.1,8,6,21,1622502000,1
134.4,2,1,21,583423000,0
127.7,3,2,23,428872000,0
56.8,2,2,20,238541000,0
257.2,5,4,19,1006199000,0
299.8,7,4,20,1171768000,1
70.2,3,2,22,368928000,0
396.7,8,5,1,1518837000,1
248.5,5,2,20,945935000,0
281.2,7,5,20,1114820000,1
242.8,6,4,13,1005241000,0
224.4,5,3,10,896165000,0
297.4,7,4,27,1160862000,1
111.4,3,2,25,424733000,0
123.7,2,1,20,435887000,0
436.4,8,6,5,1720407000,1
475.2,8,5,6,1850107000,1
211.7,5,4,28,817517000,0
164.5,4,3,21,628305000,0
336.2,6,3,12,1298446000,1
228.0,5,3,22,885137000,0
51.7,2,1,18,269812000,0
111.8,2,1,32,355999000,0
369.3,8,5,24,1352685000,1
343.1,7,4,12,1308935000,1
52.5,2,1,19,198514000,0
142.1,2,1,3,548175000,0
146.3,3,2,10,562502000,0
349.1,8,5,6,1437466000,1
49.1,1,1,25,179153000,0
87.9,2,2,20,373051000,0
408.0,8,6,4,1625694000,1
122.1,3,2,20,502493000,0
340.3,7,4,19,1308874000,1
149.6,2,2,24,578697000,0
85.7,3,1,9,341436000,0
151.9,4,3,20,692054000,0
372.2,7,5,5,1451396000,1
433.6,8,6,19,1611500000,1
421.9,8,4,18,1599543000,1
222.7,5,3,12,851337000,0
347.3,8,5,10,1420300000,1
134.3,3,2,18,636192000,0
174.8,3,2,4,658964000,0
452.3,8,6,14,1755317000,1
46.0,1,1,22,109202000,0
79.3,1,1,30,299186000,0
135.6,3,3,13,533063000,0
52.2,1,1,19,185922000,0
123.5,3,3,11,488642000,0
308.2,8,5,9,1300187000,1
233.9,5,3,10,974809000,0
450.6,8,5,19,1703972000,1
416.0,8,4,8,1553301000,1
197.2,5,4,20,885569000,0
159.3,4,3,18,622992000,0
214.7,5,4,10,792749000,0
311.5,7,5,15,1268428000,1
163.3,3,3,25,587845000,0
327.1,8,5,7,1376207000,1
228.3,6,3,24,884409000,0
293.9,6,4,11,1186647000,1
240.6,5,3,15,1003988000,0
175.5,4,3,24,642201000,0
476.3,8,5,7,1783693000,1
391.3,8,5,14,1519755000,1
104.5,4,3,20,546590000,0
439.5,8,6,13,1671773000,1
264.2,5,4,1,1039687000,0
451.5,8,6,1,1785316000,1
407.9,8,5,18,1542305000,1
235.6,5,3,26,909784000,0
50.3,2,2,17,182141000,0
163.6,3,1,19,706165000,0
289.2,7,5,19,1107793000,1
331.4,7,4,20,1265001000,1
158.6,5,3,6,695058000,0
104.1,4,2,16,548191000,0
424.1,8,5,11,1574502000,1
492.8,8,5,16,1933227000,1
281.8,7,4,34,1126833000,1
119.0,2,2,20,484569000,0
165.3,4,2,10,625651000,0
48.5,1,1,26,213901000,0
460.6,8,5,21,1698363000,1
94.2,2,1,23,415440000,0
305.2,6,3,10,1131942000,1
166.1,3,2,27,615428000,0
294.9,8,5,21,1175693000,1
339.7,7,5,8,1307601000,1
421.7,8,6,16,1671799000,1
135.0,3,2,28,543096000,0
45.1,1,1,32,219725000,0
103.0,3,1,22,326506000,0
454.0,8,5,10,1779688000,1
442.0,8,5,21,1784145000,1
314.8,8,5,8,1270036000,1
316.2,7,4,19,1318122000,1
345.9,7,5,6,1364038000,1
120.7,2,1,29,369482000,0
460.6,8,5,10,1739167000,1
232.6,7,5,27,1018489000,0
216.2,6,4,22,851122000,0
278.7,5,4,8,1071825000,0
61.6,1,1,33,242829000,0
116.5,3,1,33,427938000,0
379.5,8,6,20,1521708000,1
78.1,2,1,17,329622000,0
317.4,7,4,14,1268263000,1
152.9,3,2,22,568826000,0
219.1,5,3,14,884548000,0
172.8,4,2,32,608228000,0
203.6,3,2,20,812500000,0
370.8,8,5,1,1455018000,1
176.7,3,2,22,715238000,0
300.5,7,4,14,1182088000,1
259.0,8,6,17,1124890000,1
345.3,8,5,13,1355687000,1
470.9,8,6,17,1748160000,1
377.0,8,6,22,1404886000,1
138.9,3,3,23,515990000,0
54.3,2,1,21,220184000,0
160.6,4,3,20,666455000,0
313.7,8,5,16,1316307000,1
63.7,1,1,18,232781000,0
268.3,6,4,21,1017872000,0
314.5,6,4,19,1144478000,1
193.8,5,4,30,804763000,0
394.6,8,5,23,1577964000,1
89.0,2,2,18,430785000,0
74.6,1,1,29,297667000,0
375.0,8,5,8,1511734000,1
267.9,7,4,22,1148673000,1
356.7,7,4,11,1393384000,1
240.0,5,4,11,998076000,0
153.3,3,1,23,551125000,0
416.8,8,6,1,1591468000,1
407.7,8,4,1,1548867000,1
359.6,8,5,13,1423308000,1
165.2,5,3,21,690375000,0
311.5,7,5,14,1336483000,1
206.0,4,3,8,829857000,0
82.1,1,1,17,366768000,0
462.0,8,5,15,1727822000,1
102.9,4,2,26,424255000,0
477.1,8,6,11,1765915000,1
245.2,4,3,26,882235000,0
125.2,4,3,24,559354000,0
289.3,7,4,12,1161100000,1
441.6,8,5,10,1734552000,1
376.8,8,5,4,1504916000,1
411.0,7,4,13,1532340000,1
343.0,8,5,23,1447273000,1
358.4,8,5,20,1401654000,1
430.6,8,6,23,1705255000,1
154.8,3,1,18,562306000,0
265.1,6,5,27,1089252000,1
141.8,3,2,20,598521000,0
494.3,8,5,21,1848142000,1
474.3,8,6,11,1710808000,1
58.1,1,1,28,215741000,0
364.6,7,5,25,1453091000,1
465.6,8,5,10,1792657000,1
123.1,3,3,23,532983000,0
301.3,7,5,25,1117658000,1
461.1,8,5,11,1720100000,1
55.6,1,1,14,253431000,0
360.8,8,6,30,1434027000,1
176.8,4,2,17,747420000,0
465.2,8,5,13,1755121000,1
486.7,8,5,19,1836702000,1
474.4,8,5,7,1803817000,1
258.1,6,5,11,1022508000,0
436.5,8,5,14,1566289000,1
428.5,8,6,1,1709595000,1
186.8,4,3,18,752588000,0
421.3,8,5,15,1589342000,1
57.0,1,1,21,152537000,0
314.3,8,6,5,1345098000,1
145.8,4,3,32,573594000,0
95.5,2,2,23,409659000,0
75.4,1,1,33,344162000,0
360.3,8,6,13,1351596000,1
196.3,4,2,13,731678000,0
373.4,8,5,16,1452458000,1
70.1,2,1,21,350787000,0
185.0,4,3,11,679362000,0
288.2,6,4,27,1196354000,1
403.7,8,4,9,1556954000,1
186.6,5,3,7,779800000,0
327.9,6,4,25,1231367000,1
447.5,8,5,9,1693368000,1
323.3,7,5,12,1338725000,1
147.2,4,3,8,589957000,0
51.2,1,1,36,192384000,0
440.2,8,5,3,1684352000,1
49.8,2,2,24,202064000,0
442.4,8,6,19,1815049000,1
283.3,5,4,20,1108417000,1
472.0,8,5,11,1814997000,1
407.4,8,5,1,1651880000,1
499.0,8,5,5,1821839000,1
201.3,3,2,21,824013000,0
392.9,8,6,8,1449377000,1
224.9,6,3,20,864086000,0
260.7,6,4,22,1010584000,0
328.7,7,4,22,1293018000,1
441.9,8,6,4,1736922000,1
492.7,8,5,26,1816133000,1
393.4,8,5,19,1519340000,1
232.2,6,4,18,904029000,0
233.8,5,4,26,851785000,0
379.3,8,4,31,1461453000,1
149.8,4,3,11,671577000,0
90.8,3,2,21,462862000,0
203.1,5,3,3,809369000,0
172.1,4,3,21,722897000,0
176.3,4,2,23,666393000,0
147.5,4,3,21,666571000,0
59.4,2,1,19,301068000,0
48.2,1,1,9,230744000,0
494.4,8,5,13,1839801000,1
236.8,6,4,28,986002000,0
216.8,5,4,15,915871000,0
352.6,7,5,18,1342520000,1
140.4,3,1,10,490529000,0
477.0,8,5,15,1782416000,1
401.7,8,5,11,1630634000,1
81.1,2,2,17,402112000,0
232.1,6,4,13,907665000,0
444.4,8,4,10,1626531000,1
474.6,8,5,14,1847081000,1
255.0,6,3,9,965896000,0
322.2,6,3,13,1246958000,1
116.8,3,1,21,425037000,0
495.9,8,6,3,1974647000,1
146.6,3,2,33,511451000,0
473.7,8,5,5,1856291000,1
338.8,7,5,11,1351479000,1
319.6,6,4,9,1257069000,1
275.8,6,5,30,996896000,0
146.1,3,1,25,439389000,0
121.2,2,1,15,450915000,0
141.4,3,1,29,526591000,0
125.8,3,2,23,448926000,0
398.6,8,5,15,1495529000,1
201.1,6,4,17,875786000,0
66.6,2,1,18,305448000,0
485.8,8,6,13,1843362000,1
446.5,8,6,8,1768909000,1
466.8,8,6,24,1713921000,1
497.7,8,5,2,1871623000,1
120.0,3,1,32,515154000,0
222.3,5,3,18,879434000,0
388.8,8,5,16,1516844000,1
360.2,7,5,21,1495408000,1
110.8,2,1,17,360590000,0
415.3,8,5,19,1625799000,1
143.2,3,2,2,672119000,0
143.0,4,3,16,593981000,0
287.0,5,3,10,1138083000,1
312.8,8,5,7,1241769000,1
306.8,6,5,15,1183857000,1
82.1,2,1,25,333043000,0
443.6,8,5,17,1720456000,1
162.2,3,2,22,668482000,0
99.6,3,1,17,476353000,0
448.8,8,5,15,1702125000,1
479.6,8,5,12,1863433000,1
436.6,8,6,19,1664716000,1
412.4,8,5,19,1621274000,1
341.4,8,6,15,1392817000,1
293.4,5,4,10,1161936000,1
80.0,2,2,18,364058000,0
227.9,5,3,15,828068000,0
211.4,5,3,17,792895000,0
159.5,3,2,22,614014000,0
372.8,8,6,19,1400032000,1
268.1,6,4,17,1102324000,1
77.3,2,1,23,343580000,0
141.3,3,2,22,565883000,0
354.3,8,5,11,1360309000,1
75.0,1,1,16,355106000,0
431.6,8,4,1,1747794000,1
267.8,6,4,12,1080578000,0
261.1,5,3,21,1017494000,0
312.5,7,5,11,1268078000,1
419.4,8,6,11,1664947000,1
200.0,4,3,23,771620000,0
351.9,8,5,19,1385525000,1
300.2,8,5,9,1282397000,1
162.8,4,3,27,755513000,0
444.2,8,6,20,1639437000,1
406.8,8,5,5,1586088000,1
342.9,8,5,9,1325159000,1
431.3,8,5,21,1708801000,1
439.0,8,4,11,1633352000,1
365.8,8,6,1,1424616000,1
425.0,8,5,3,1681718000,1
360.8,8,5,13,1506054000,1
352.9,8,5,7,1444142000,1
324.6,7,5,13,1302936000,1
386.2,8,5,14,1525251000,1
113.0,2,2,32,486268000,0
445.2,8,5,10,1664301000,1
441.0,8,5,20,1665167000,1
53.5,2,2,33,209829000,0
419.9,8,5,23,1544126000,1
99.3,1,1,24,339983000,0
194.2,5,3,6,860287000,0
382.0,7,5,17,1494897000,1
113.9,3,3,29,500474000,0
416.3,8,6,13,1633751000,1
422.8,8,6,25,1647510000,1
273.4,6,4,23,1033853000,0
42.9,2,2,28,192352000,0
172.0,3,2,28,646040000,0
323.8,6,4,18,1253648000,1
491.3,8,5,1,1883568000,1
330.6,8,5,12,1326695000,1
159.5,4,1,29,574416000,0
331.6,8,5,10,1482220000,1
288.4,7,4,15,1192685000,1
398.7,8,6,6,1603432000,1
89.2,2,1,35,307946000,0
390.1,8,5,26,1475015000,1
289.0,8,5,11,1195914000,1
483.0,8,5,12,1833777000,1
197.3,4,3,15,699740000,0
331.0,8,5,20,1247577000,1
468.7,8,6,15,1762180000,1
87.2,2,1,28,335361000,0
471.1,8,5,14,1767753000,1
356.4,8,5,35,1435995000,1
71.2,2,2,16,254132000,0
178.4,4,3,8,704069000,0
365.8,8,5,12,1513964000,1
71.0,2,1,12,312100000,0
307.8,7,5,6,1293778000,1
199.1,3,3,12,870426000,0
325.6,7,4,9,1251699000,1
61.0,2,1,17,259731000,0
440.9,8,5,16,1665621000,1
487.8,8,5,8,1756003000,1
485.7,8,5,10,1819272000,1
384.8,8,6,20,1552008000,1
99.8,3,2,17,452687000,0
388.8,8,5,12,1547019000,1
51.3,1,1,26,180262000,0
50.2,1,1,10,196116000,0
188.9,4,3,3,838597000,0
264.8,6,3,20,1003981000,0
394.4,8,6,17,1562314000,1
354.3,7,4,29,1342110000,1
245.1,6,4,19,1053097000,0
165.9,4,2,26,683594000,0
498.7,8,6,9,1840553000,1
236.0,6,4,20,902760000,0
247.6,5,3,30,959371000,0
115.3,3,1,7,473065000,0
405.6,8,5,16,1544437000,1
359.1,8,5,30,1433823000,1
141.6,3,2,23,558556000,0
77.9,1,1,34,268641000,0
353.0,8,6,11,1463692000,1
341.1,7,5,15,1325640000,1
165.7,3,1,21,679823000,0
477.4,8,6,1,1811218000,1
109.5,1,1,14,436962000,0
238.9,5,2,10,988002000,0
474.1,8,6,17,1742142000,1
233.1,5,3,24,883470000,0
333.7,7,5,18,1364239000,1
222.9,5,3,24,918356000,0
166.1,4,1,19,624803000,0
492.6,8,5,19,1804260000,1
228.3,5,3,19,936577000,0
451.3,8,4,13,1748420000,1
145.8,3,1,19,497150000,0
138.0,3,3,26,500424000,0
54.3,1,1,21,226897000,0
339.8,7,5,22,1352681000,1
209.5,4,2,11,795942000,0
437.6,8,4,5,1697888000,1
257.7,6,4,22,989684000,0
485.4,8,5,11,1735119000,1
125.3,2,1,18,448884000,0
439.6,8,5,19,1670565000,1
397.2,8,5,9,1539627000,1
394.6,8,5,12,1485583000,1
428.6,8,5,23,1542816000,1
390.1,8,5,25,1474186000,1
328.1,6,3,27,1255315000,1
100.4,2,1,20,440809000,0
55.0,1,1,32,250447000,0
463.6,8,5,5,1735804000,1
323.7,8,5,9,1264923000,1
406.4,8,5,1,1619829000,1
261.5,5,3,29,1008380000,0
94.0,2,1,16,389808000,0
97.6,1,1,21,264687000,0
355.4,8,5,8,1381270000,1
237.9,5,4,23,936944000,0
132.2,4,3,19,589965000,0
266.1,6,4,8,1111049000,1
69.5,1,1,26,261891000,0
307.7,6,3,6,1206525000,1
163.7,5,4,14,722659000,0
406.9,8,5,1,1629933000,1
182.8,5,3,10,780039000,0
249.4,6,4,19,1004038000,0
45.3,1,1,10,197883000,0
73.3,2,1,13,315218000,0
220.5,5,4,19,912407000,0
260.8,4,2,14,979596000,0
316.0,7,4,30,1227337000,1
174.2,4,3,33,734862000,0
359.7,8,5,9,1443972000,1
435.7,8,5,16,1632035000,1
398.7,8,5,19,1576602000,1
58.2,2,1,19,189761000,0
261.0,7,5,7,1053536000,0
88.3,2,2,22,378673000,0
151.3,4,3,19,652398000,0
493.9,8,5,8,1807453000,1
105.5,1,1,25,355373000,0
269.5,5,3,12,1012126000,0
324.4,8,5,8,1299180000,1
363.1,8,6,15,1495382000,1
297.4,6,3,19,1164473000,1
44.5,1,1,15,196540000,0
190.2,6,4,26,773072000,0
278.1,7,4,5,1078186000,0
80.4,3,3,19,448188000,0
201.3,4,2,17,797805000,0
55.3,1,1,19,192160000,0
76.1,1,1,19,322902000,0
222.6,6,4,32,886160000,0
101.0,1,1,16,363280000,0
301.1,7,5,33,1198105000,1
357.2,7,5,18,1354673000,1
408.3,8,4,14,1540091000,1
132.1,2,1,25,481186000,0
117.0,2,1,39,376925000,0
88.1,2,2,16,405029000,0
332.8,7,3,8,1370068000,1
365.0,8,6,9,1437057000,1
54.5,1,1,24,136469000,0
470.7,8,5,1,1713162000,1
63.9,2,2,23,276709000,0
289.0,6,5,29,1099958000,1
366.2,8,6,16,1470194000,1
440.6,8,6,10,1716887000,1
368.5,8,5,10,1386055000,1
408.8,8,5,20,1485490000,1
196.1,4,2,14,773837000,0
414.8,8,5,26,1580454000,1
76.9,1,1,36,239918000,0
451.6,8,5,14,1641549000,1
291.9,7,5,17,1202293000,1
416.0,8,4,20,1625435000,1
248.1,5,3,26,955429000,0
336.0,7,5,10,1298064000,1
282.1,7,5,13,1159725000,1
376.5,8,5,5,1432325000,1
77.5,1,2,26,350608000,0
67.8,2,2,28,289643000,0
153.7,2,1,11,493273000,0
113.4,2,1,19,414350000,0
441.0,8,5,3,1725049000,1
140.8,2,1,15,508573000,0
488.9,8,5,15,1821065000,1
195.0,4,3,14,723902000,0
123.8,3,2,19,526654000,0
403.3,8,6,2,1578379000,1
343.0,6,4,17,1207560000,1
269.2,4,3,17,993733000,0
295.5,6,3,11,1186752000,1
370.8,8,5,13,1442148000,1
145.1,1,1,22,583529000,0
498.3,8,5,5,1902864000,1
488.4,8,5,1,1875124000,1
339.1,8,6,28,1344342000,1
131.8,3,2,17,527687000,0
352.9,8,6,14,1410426000,1
73.2,2,1,30,263638000,0
54.1,1,1,40,202009000,0
158.5,4,2,12,602088000,0
252.8,6,4,21,959545000,0
439.4,8,5,7,1640536000,1
374.5,8,5,11,1567454000,1
381.6,7,4,9,1485985000,1
235.7,6,3,10,966942000,0
199.1,4,3,19,734532000,0
210.7,5,4,9,907290000,0
494.3,8,5,18,1839514000,1
58.5,1,1,24,233838000,0
438.8,8,5,15,1629212000,1
306.2,7,4,13,1220052000,1
241.8,4,3,16,905687000,0
373.6,8,6,16,1450067000,1
263.9,6,4,9,1100515000,1
441.8,8,5,10,1623563000,1
454.3,8,5,6,1766175000,1
234.0,6,3,12,974602000,0
167.3,3,2,5,628776000,0
312.5,7,5,25,1194085000,1
459.7,8,6,7,1768004000,1
136.9,4,3,29,575772000,0
326.6,8,5,23,1291242000,1
330.5,8,5,7,1362110000,1
377.2,8,6,7,1593374000,1
100.5,3,2,40,361753000,0
369.3,8,6,27,1371577000,1
458.2,8,6,12,1800407000,1
122.7,2,2,23,547389000,0
149.3,4,3,16,646435000,0
486.8,8,5,14,1779811000,1
123.2,3,3,16,521665000,0
433.0,8,5,1,1632266000,1
266.4,6,4,8,1106408000,1
153.7,3,2,21,532032000,0
440.5,8,5,4,1687094000,1
244.8,7,4,18,961165000,0
276.8,7,4,10,1130467000,1
205.2,5,4,14,835155000,0
312.8,7,3,22,1201914000,1
115.2,2,2,23,448646000,0
219.9,6,4,19,862280000,0
485.9,8,5,17,1848089000,1
158.7,5,4,24,680646000,0
342.1,7,5,25,1281236000,1
189.6,4,3,16,858562000,0
395.8,8,6,11,1586999000,1
100.2,2,1,13,390743000,0
486.1,8,5,8,1902204000,1
248.7,5,3,25,1029722000,0
148.6,4,3,30,591979000,0
73.8,2,1,30,294793000,0
118.1,3,3,9,480460000,0
279.1,5,4,25,1059496000,0
195.0,4,2,7,762042000,0
421.3,7,4,19,1577477000,1
238.2,5,3,16,946214000,0
154.4,2,2,26,592272000,0
323.9,8,5,6,1334174000,1
365.1,8,6,23,1388837000,1
116.8,3,2,11,452529000,0
117.1,4,3,17,499132000,0
56.9,1,1,16,222379000,0
378.7,8,5,2,1554125000,1
345.4,8,5,16,1319948000,1
258.3,6,4,30,991476000,0
428.3,8,5,31,1650445000,1
410.6,8,5,14,1571426000,1
309.3,6,4,24,1203479000,1
439.4,8,5,14,1670801000,1
134.7,3,2,25,535595000,0
91.5,1,1,20,327519000,0
164.1,5,3,22,712138000,0
66.3,1,1,27,173632000,0
284.3,7,4,13,1126411000,1
470.8,8,6,11,1818906000,1
58.1,1,1,23,248936000,0
96.2,2,2,28,444023000,0
248.0,4,3,10,939004000,0
469.6,8,5,11,1846297000,1
185.4,3,1,33,618624000,0
273.3,7,4,25,1143349000,1
59.1,2,1,33,262906000,0
108.2,2,1,22,364134000,0
493.8,8,6,13,1888977000,1
484.0,8,5,18,1809494000,1
42.3,1,1,35,178511000,0
477.8,8,4,1,1793913000,1
334.0,8,5,6,1341974000,1
439.2,8,6,22,1744049000,1
249.2,6,4,16,1001998000,0
277.2,6,4,12,1141229000,1
264.9,5,4,9,1042539000,0
346.8,7,5,11,1443760000,1
104.2,2,1,12,381915000,0
53.8,1,1,38,153524000,0
181.6,3,2,20,752723000,0
364.2,8,6,14,1438417000,1
132.9,4,2,25,608328000,0
349.8,8,6,22,1436493000,1
486.2,8,5,18,1811881000,1
83.2,2,2,30,249642000,0
349.4,7,4,11,1354211000,1
244.1,5,3,16,954693000,0
439.3,8,6,18,1743285000,1
121.5,2,3,18,571280000,0
358.6,8,6,15,1407696000,1
425.5,8,5,16,1664653000,1
474.5,8,5,17,1817843000,1
354.3,7,4,2,1437064000,1
268.7,6,3,22,1057281000,0
324.2,8,5,14,1221028000,1
439.7,8,6,17,1687046000,1
302.5,6,3,22,1090993000,1
54.0,2,2,35,218683000,0
468.2,8,5,21,1799340000,1
357.2,8,5,24,1407772000,1
351.2,7,4,25,1384504000,1
139.2,3,3,23,579819000,0
343.1,8,6,15,1330495000,1
221.2,4,3,25,727402000,0
339.6,7,4,20,1312416000,1
89.0,2,1,20,338173000,0
342.6,8,5,18,1315357000,1
499.7,8,4,10,1779512000,1
62.2,1,2,17,238977000,0
489.5,8,5,20,1816648000,1
227.2,5,3,19,920005000,0
440.5,8,5,27,1663088000,1
399.9,8,5,2,1647043000,1
300.8,6,4,13,1130958000,1
379.7,8,4,14,1503688000,1
444.1,8,6,20,1704248000,1
225.9,5,3,21,913140000,0
190.4,4,2,22,706637000,0
347.1,8,5,7,1443946000,1
411.6,8,6,5,1641405000,1
390.7,8,5,16,1486665000,1
407.0,7,4,4,1552859000,1
240.4,5,4,14,953500000,0
416.2,8,6,17,1640853000,1
95.3,1,1,15,306870000,0
290.5,6,4,28,1113279000,1
42.6,1,2,32,197109000,0
189.3,4,4,9,794246000,0
208.6,5,3,13,903132000,0
222.2,4,3,3,922871000,0
359.9,8,5,9,1432343000,1
218.7,5,3,24,862591000,0
246.4,6,3,15,990785000,0
149.3,3,2,24,590908000,0
211.7,5,3,8,780285000,0
144.5,4,3,26,579831000,0
73.7,1,1,19,216040000,0
317.6,8,4,16,1318843000,1
347.4,7,5,14,1361942000,1
325.0,8,6,7,1338300000,1
253.2,6,4,10,1071596000,0
214.7,4,3,26,837045000,0
437.1,8,5,15,1616931000,1
278.8,6,4,24,1081969000,0
260.4,5,3,20,979197000,0
51.8,2,1,25,140256000,0
197.0,4,2,7,746338000,0
214.9,4,3,17,828421000,0
223.5,5,3,18,875027000,0
306.9,6,4,30,1096380000,1
285.5,6,4,22,1162425000,1
319.6,7,4,27,1223125000,1
391.8,8,6,18,1540450000,1
414.0,8,5,8,1625829000,1
370.3,8,5,15,1418497000,1
479.5,8,6,13,1849936000,1
48.4,1,1,17,189362000,0
130.1,4,3,19,520974000,0
43.5,1,1,22,206005000,0
337.8,8,5,27,1393085000,1
453.1,8,5,1,1779537000,1
152.0,2,1,29,572934000,0
466.4,8,5,5,1758052000,1
67.7,2,2,13,243747000,0
469.8,8,4,20,1807416000,1
201.7,4,3,24,872893000,0
86.7,3,2,31,427866000,0
263.5,6,4,23,1023090000,0
158.1,4,3,35,566961000,0
171.0,4,3,24,634244000,0
181.4,4,3,19,649712000,0
409.4,8,5,16,1572248000,1
288.0,6,4,25,1184856000,1
183.2,3,2,14,694865000,0
320.8,6,3,11,1237165000,1
369.4,8,6,12,1540982000,1
165.4,4,4,6,704096000,0
230.2,5,3,19,991239000,0
96.1,3,2,9,522164000,0
123.3,1,1,22,429660000,0
353.3,8,5,21,1361571000,1
123.5,1,1,18,475576000,0
281.6,7,4,29,1086481000,1
366.2,8,5,4,1410795000,1
89.2,2,2,31,406096000,0
301.0,6,4,21,1216940000,1
158.0,4,2,8,657598000,0
482.9,8,6,30,1749451000,1
262.4,6,3,17,969351000,0
410.8,8,5,7,1604385000,1
293.1,7,5,7,1182426000,1
60.0,1,1,22,217651000,0
331.2,8,5,15,1374828000,1
477.6,8,5,12,1836313000,1
316.7,8,5,14,1346456000,1
416.8,8,5,18,1552182000,1
446.7,8,5,10,1692996000,1
144.9,2,1,7,586834000,0
137.5,3,2,20,563164000,0
321.1,7,4,1,1353477000,1
229.1,4,3,21,893044000,0
426.3,8,5,6,1734325000,1
454.0,8,6,13,1772101000,1
202.6,4,3,28,823118000,0
149.0,2,1,14,537242000,0
399.0,8,5,21,1534443000,1
166.4,4,3,17,722472000,0
418.4,8,6,25,1682464000,1
234.9,5,3,16,953496000,0
347.1,8,4,9,1365977000,1
83.9,3,2,27,419460000,0
327.0,7,4,13,1180761000,1
247.8,5,3,12,905959000,0
309.8,7,4,13,1255034000,1
117.3,2,1,21,436995000,0
379.0,8,6,24,1513048000,1
436.9,8,5,1,1697978000,1
139.7,2,1,21,533733000,0
84.0,3,2,27,321152000,0
50.9,1,1,25,223552000,0
335.3,7,5,25,1348709000,1
319.3,7,5,15,1327685000,1
291.5,6,4,15,1234410000,1
146.7,2,1,25,533424000,0
219.8,6,4,19,918686000,0
313.5,7,4,13,1167657000,1
268.5,6,4,21,1034286000,0
494.4,8,5,6,1860391000,1
102.8,2,2,18,465224000,0
359.8,8,5,11,1400865000,1
226.0,5,3,28,904035000,0
237.0,6,4,1,997327000,0
370.1,7,5,17,1423347000,1
358.5,8,6,15,1449400000,1
496.0,8,5,1,1866598000,1
99.1,3,2,24,392813000,0
87.9,2,1,26,255565000,0
373.2,8,5,18,1446082000,1
306.1,6,4,1,1196921000,1
166.1,4,3,30,631301000,0
76.5,1,1,18,312559000,0
79.4,2,2,28,352718000,0
451.3,8,5,17,1719609000,1
128.3,1,1,15,510354000,0
188.8,4,2,24,743060000,0
144.3,2,1,18,515482000,0
203.3,3,2,5,762731000,0
71.9,1,1,31,267157000,0
278.8,6,5,12,1156980000,1
71.1,3,2,17,399423000,0
408.2,8,5,11,1636843000,1
147.5,3,2,23,544634000,0
288.4,7,4,16,1145290000,1
444.8,8,5,16,1720556000,1
339.4,7,5,6,1403140000,1
285.2,6,4,12,1171894000,1
189.2,3,2,19,707565000,0
193.2,4,2,33,656809000,0
348.0,8,5,14,1339648000,1
497.3,8,5,18,1866629000,1
344.4,7,4,15,1346480000,1
296.6,6,4,13,1114679000,1
376.1,8,5,13,1478526000,1
254.0,5,3,17,1008205000,0
67.7,2,1,27,213835000,0
298.7,6,4,26,1194565000,1
480.5,8,6,14,1813611000,1
120.6,2,1,30,485513000,0
357.4,8,4,8,1380675000,1
132.4,4,3,18,524482000,0
286.5,7,5,12,1153184000,1
84.5,3,2,25,359118000,0
247.2,6,4,15,984558000,0
387.8,8,5,19,1492240000,1
199.9,4,3,13,811708000,0
345.9,7,5,15,1350177000,1
405.9,8,4,18,1536905000,1
466.5,8,5,1,1712885000,1
147.9,4,3,36,601906000,0
223.7,6,3,17,896826000,0
110.1,4,3,8,591783000,0
496.5,8,5,12,1821520000,1
466.4,8,5,12,1686107000,1
288.4,8,5,16,1217693000,1
427.3,8,5,20,1641954000,1
279.6,5,2,22,984341000,0
326.8,6,4,18,1181921000,1
81.0,2,2,26,401383000,0
387.4,7,4,13,1536315000,1
98.7,2,1,35,236904000,0
420.0,8,6,3,1638380000,1
399.7,8,5,15,1622929000,1
366.0,8,5,15,1418777000,1
56.6,1,1,29,186042000,0
179.4,5,4,14,756356000,0
161.0,3,3,8,613760000,0
205.7,4,3,20,724525000,0
80.3,1,1,25,339325000,0
471.0,8,5,22,1679268000,1
294.7,7,4,8,1197167000,1
180.5,4,3,28,744496000,0
222.6,6,4,35,818015000,0
245.7,5,3,15,915648000,0
316.3,8,5,7,1351753000,1
277.2,7,5,14,1164020000,1
462.9,8,5,12,1728502000,1
268.6,7,5,21,1152621000,1
496.4,8,5,7,1927774000,1
431.7,8,5,24,1644547000,1
135.9,3,2,13,511373000,0
468.1,8,5,1,1776315000,1
93.5,1,2,30,359087000,0
416.0,8,5,1,1619713000,1
215.1,6,4,17,937573000,0
443.9,8,5,34,1582640000,1
439.3,8,6,12,1635518000,1
410.7,8,5,5,1611379000,1
403.4,8,5,13,1541761000,1
180.2,5,3,19,711423000,0
77.2,2,2,24,244477000,0
225.4,5,4,23,899160000,0
119.8,2,2,14,477986000,0
359.7,7,5,27,1407447000,1
199.2,4,2,21,759541000,0
488.8,8,5,16,1825193000,1
334.8,7,5,11,1383325000,1
418.3,8,6,22,1556499000,1
101.0,3,1,20,428338000,0
436.5,8,6,14,1614598000,1
464.5,8,5,5,1737674000,1
264.0,7,5,10,1051230000,0
318.9,7,4,21,1272667000,1
391.8,8,5,11,1527817000,1
120.4,2,2,16,477672000,0
271.2,7,5,13,1073037000,0
223.4,5,4,24,876394000,0
107.3,3,2,18,416004000,0
209.1,5,3,18,851375000,0
71.4,1,1,23,222881000,0
51.9,1,1,10,290921000,0
102.2,1,1,12,312639000,0
483.0,8,5,14,1780307000,1
292.8,7,4,11,1249434000,1
484.3,8,5,19,1791179000,1
238.9,6,3,25,874310000,0
183.4,4,2,25,707738000,0
272.8,6,3,30,1010567000,0
242.2,5,3,17,904426000,0
88.6,1,1,27,265206000,0
334.8,8,4,11,1450937000,1
139.4,4,4,38,563760000,0
325.0,7,5,30,1174349000,1
339.1,8,5,15,1421337000,1
109.9,2,1,25,432178000,0
68.2,2,2,33,242749000,0
399.2,8,6,13,1530450000,1
251.5,7,4,13,1068106000,0
66.8,1,1,29,229649000,0
497.6,8,5,11,1782651000,1
66.6,2,1,24,348546000,0
359.7,8,6,9,1434510000,1
492.5,8,6,1,1962301000,1
150.0,3,3,22,658530000,0
105.4,3,1,28,357235000,0
95.8,3,2,21,454054000,0
179.5,3,2,30,628085000,0
86.5,3,2,18,299798000,0
358.4,8,4,7,1390773000,1
68.7,2,1,23,294734000,0
274.3,6,4,17,1063937000,0
498.5,8,5,16,1848383000,1
414.4,8,5,8,1660540000,1
323.0,7,5,25,1269392000,1
180.9,3,2,34,615932000,0
327.0,8,5,15,1346991000,1
282.4,5,4,26,1083575000,0
236.0,6,4,11,860728000,0
100.1,2,1,30,382596000,0
447.8,8,6,20,1731592000,1
246.9,5,3,24,943985000,0
129.5,3,2,21,555527000,0
209.2,6,5,1,900182000,0
230.5,3,2,14,867742000,0
420.7,8,4,9,1534727000,1
377.5,8,5,7,1511319000,1
393.9,8,6,15,1639368000,1
45.1,1,1,21,142551000,0
231.4,6,4,13,921289000,0
261.4,5,4,10,1007529000,0
48.8,1,1,19,209010000,0
159.5,4,3,28,589563000,0
389.7,8,5,9,1546996000,1
103.1,2,1,18,435028000,0
286.2,7,5,14,1192886000,1
139.0,2,2,23,444221000,0
45.6,2,1,27,239703000,0
151.0,4,3,1,706382000,0
488.9,8,5,18,1864837000,1
408.7,8,5,23,1577618000,1
481.4,8,5,4,1841389000,1
264.4,6,3,11,1089538000,1
90.5,1,1,19,423158000,0
292.1,7,5,11,1150833000,1
249.0,7,4,19,1066316000,0
428.4,8,5,1,1664000000,1
85.1,2,1,15,339485000,0
264.6,6,4,28,962576000,0
109.0,2,1,15,408984000,0
189.4,4,2,28,666203000,0
379.2,8,5,17,1457567000,1
259.0,7,5,5,1050382000,0
212.9,5,3,23,816079000,0
221.5,4,2,18,815525000,0
251.3,5,4,15,1001514000,0
401.1,8,5,15,1479856000,1
450.4,8,5,15,1645232000,1
479.5,8,5,16,1817686000,1
402.0,8,5,22,1505515000,1
185.1,4,3,23,777674000,0
356.5,7,5,5,1421937000,1
241.3,6,3,15,988464000,0
157.1,4,2,40,647201000,0
426.8,8,5,18,1614823000,1
57.7,2,1,40,181788000,0
454.8,8,6,22,1771587000,1
252.3,7,4,19,1051288000,0
333.1,6,4,18,1262490000,1
343.3,7,4,15,1390176000,1
451.8,8,5,1,1733209000,1
332.9,8,5,16,1333755000,1
322.4,8,6,24,1305635000,1
70.7,2,1,19,249183000,0
278.5,6,4,20,1095691000,1
109.1,2,1,28,458974000,0
379.2,8,5,8,1516464000,1
275.6,5,3,14,1056318000,0
352.9,8,6,8,1427000000,1
59.2,1,1,18,253329000,0
79.0,3,1,14,379539000,0
369.5,8,4,8,1470816000,1
73.2,2,1,33,256306000,0
72.8,1,1,17,298575000,0
45.6,1,1,25,202517000,0
480.0,8,5,8,1773676000,1
379.3,8,6,22,1498330000,1
202.5,4,2,28,655741000,0
176.4,4,3,26,717194000,0
200.9,5,2,21,809595000,0
396.3,7,4,12,1536800000,1
344.2,8,4,7,1346663000,1
125.2,2,1,35,447547000,0
120.1,2,1,16,519398000,0
85.3,1,1,27,367580000,0
343.7,6,4,23,1293527000,1
391.6,8,5,10,1538389000,1
161.9,3,2,28,655071000,0
49.6,2,1,29,136184000,0
77.8,1,1,35,249422000,0
485.2,8,5,8,1895741000,1
175.9,4,2,11,745764000,0
393.8,8,6,10,1577777000,1
327.3,7,4,17,1204598000,1
215.7,4,2,19,810994000,0
134.6,4,2,18,529174000,0
95.8,3,2,9,446457000,0
322.9,6,4,19,1199859000,1
396.3,8,6,27,1489002000,1
336.2,7,6,19,1247921000,1
283.9,6,3,21,1140461000,1
59.3,2,2,27,242770000,0
485.5,8,5,14,1831672000,1
407.4,8,5,20,1562579000,1
174.7,5,3,23,666005000,0
490.8,8,5,9,1794902000,1
316.9,8,6,10,1269841000,1
307.9,8,6,14,1245737000,1
384.1,8,5,16,1512617000,1
413.4,8,6,11,1586073000,1
342.0,8,4,17,1415992000,1
98.9,3,1,25,433702000,0
195.6,4,2,25,773296000,0
466.9,8,5,21,1745695000,1
143.3,3,2,21,627703000,0
211.2,5,3,10,847030000,0
238.8,5,3,16,931753000,0
242.1,7,4,18,1005369000,0
322.0,6,4,3,1296982000,1
473.8,8,5,21,1801821000,1
150.7,4,3,22,599859000,0
95.9,4,2,25,393895000,0
130.8,3,2,31,528356000,0
448.0,8,5,8,1748786000,1
337.1,8,5,19,1322019000,1
171.5,4,3,19,622377000,0
415.3,8,5,12,1594631000,1
436.2,8,5,7,1708899000,1
429.4,8,5,24,1706324000,1
462.7,8,4,9,1685732000,1
156.0,4,3,25,613004000,0
387.3,8,5,1,1518837000,1
251.8,7,5,26,1095771000,1
427.3,8,5,20,1624788000,1
375.1,8,5,15,1428490000,1
397.2,8,5,12,1571181000,1
341.8,7,5,18,1320551000,1
121.6,2,1,38,361023000,0
290.7,6,4,4,1123065000,1
492.9,8,5,16,1922312000,1
471.2,8,4,5,1792129000,1
59.9,1,1,23,235529000,0
115.8,2,1,20,422315000,0
100.6,2,1,19,400067000,0
374.0,8,5,14,1480411000,1
416.2,8,6,5,1655988000,1
138.2,3,2,28,534408000,0
272.7,5,3,5,1102736000,1
426.7,8,6,17,1653480000,1
377.1,8,6,12,1459713000,1
289.4,7,5,9,1161521000,1
311.6,7,4,18,1131064000,1
273.8,7,4,6,1214367000,1
176.9,4,2,20,725904000,0
299.9,8,5,6,1209327000,1
356.9,8,5,18,1392397000,1
441.7,8,5,6,1671781000,1
332.7,8,6,12,1431055000,1
390.1,8,5,16,1451426000,1
113.6,3,2,16,479671000,0
252.3,5,4,17,991476000,0
44.3,1,1,13,237968000,0
153.5,4,3,25,619520000,0
374.2,8,5,27,1363321000,1
496.2,8,5,30,1815540000,1
85.6,2,1,23,287173000,0
224.7,6,4,24,915621000,0
408.0,8,6,1,1689138000,1
133.9,2,1,32,389206000,0
295.3,6,3,22,1083950000,0
377.2,8,6,11,1481169000,1
323.4,7,5,24,1250707000,1
126.5,3,1,20,519106000,0
203.5,4,2,16,772391000,0
400.5,8,5,17,1565311000,1
294.9,6,5,9,1160520000,1
42.4,1,1,31,169027000,0
390.1,7,5,6,1552321000,1
56.2,3,3,16,279887000,0
383.0,8,5,8,1543761000,1
133.1,3,2,27,517277000,0
480.7,8,5,7,1870286000,1
209.3,4,2,10,801696000,0
190.4,5,3,15,797436000,0
108.5,4,3,22,484373000,0
180.6,4,3,12,732590000,0
443.3,8,5,4,1721212000,1
498.3,8,4,26,1843716000,1
209.4,4,3,13,770850000,0
246.4,5,3,16,1021994000,0
372.2,8,5,12,1382355000,1
447.7,8,5,9,1682823000,1
312.8,7,5,20,1237718000,1
220.1,5,4,25,895876000,0
229.8,5,3,16,975288000,0
360.0,8,5,6,1355377000,1
41.5,1,1,33,128954000,0
325.0,7,4,15,1173292000,1
203.5,4,3,31,773623000,0
405.3,8,5,1,1606186000,1
82.8,1,1,24,373546000,0
310.6,8,5,30,1238349000,1
261.2,7,5,15,1133821000,1
335.5,7,6,14,1374873000,1
69.8,1,1,25,238774000,0
306.8,7,5,12,1175357000,1
298.3,7,5,14,1219935000,1
297.9,6,3,14,1077135000,0
317.6,7,5,12,1331604000,1
351.2,8,5,24,1367547000,1
410.3,8,5,17,1631743000,1
164.1,3,2,22,602510000,0
419.5,8,5,19,1615498000,1
269.2,6,4,15,1081861000,0
75.4,2,2,17,330253000,0
66.9,2,1,19,259610000,0
193.7,4,4,19,804501000,0
401.1,8,5,6,1528843000,1
365.5,8,5,11,1392175000,1
402.8,8,5,10,1623887000,1
277.9,6,4,32,1099003000,1
242.5,5,2,1,955965000,0
107.8,2,2,21,502891000,0
191.0,5,4,32,758151000,0
239.6,5,4,19,1011242000,0
80.8,2,1,28,313461000,0
141.5,3,1,22,483686000,0
315.2,7,4,11,1328802000,1
378.4,7,5,1,1534462000,1
499.2,8,5,12,1866994000,1
469.2,8,4,6,1799163000,1
335.6,8,5,10,1334753000,1
233.8,5,3,15,956472000,0
332.6,8,5,28,1199721000,1
401.4,8,6,30,1499589000,1
94.4,3,2,24,441147000,0
228.6,4,3,15,873286000,0
426.3,8,6,5,1684499000,1
216.6,5,2,22,767515000,0
303.1,6,4,29,1236074000,1
310.4,7,5,14,1299854000,1
124.9,4,2,5,541649000,0
206.6,3,1,24,715909000,0
193.9,5,3,26,815812000,0
52.1,1,1,12,316931000,0
51.1,1,1,25,241439000,0
422.6,8,5,16,1717051000,1
165.6,3,2,20,591414000,0
278.3,5,3,12,1030688000,0
177.4,4,3,27,643178000,0
472.7,8,5,9,1813519000,1
159.3,2,1,10,600662000,0
237.6,5,3,4,946482000,0
441.5,8,6,21,1728217000,1
427.3,8,5,17,1687815000,1
125.6,3,3,22,454265000,0
409.2,8,5,10,1561576000,1
250.8,7,4,14,1070466000,0
262.2,7,6,10,1100992000,1
101.4,3,1,19,371561000,0
77.1,1,1,8,361554000,0
374.9,8,5,9,1422652000,1
268.4,6,4,15,1056309000,0
241.0,6,5,22,1004989000,0
375.6,8,6,14,1469098000,1
392.1,8,6,19,1572962000,1
113.1,2,1,31,377321000,0
320.7,8,5,23,1342628000,1
102.3,2,1,25,374701000,0
385.6,8,6,14,1557127000,1
342.2,8,5,8,1411611000,1
480.0,8,5,16,1774761000,1
71.7,2,2,35,192033000,0
66.2,1,1,26,261074000,0
169.8,3,2,34,621613000,0
