Student_ID,Study_Hours,Exam_Score
1,5.12,62.23
2,11.46,92.5
3,9.05,82.7
4,7.59,60.56
5,2.72,47.61
6,2.72,51.64
7,1.64,53.87
8,10.53,86.13
9,7.61,68.91
10,8.79,77.2
11,1.23,47.8
12,11.67,97.99
13,10.16,84.12
14,3.34,55.96
15,3.0,51.28
16,3.02,57.48
17,4.35,52.71
18,6.77,67.91
19,5.75,62.16
20,4.2,46.6
21,7.73,77.27
22,2.53,49.98
23,4.21,56.93
24,5.03,59.51
25,6.02,56.4
26,9.64,82.18
27,3.2,49.24
28,6.66,64.02
29,7.52,72.98
30,1.51,45.68
31,7.68,88.14
32,2.88,51.2
33,1.72,45.75
34,11.44,93.97
35,11.62,81.99
36,9.89,86.24
37,4.35,58.04
38,2.07,63.01
39,8.53,78.01
40,5.84,67.48
41,2.34,46.93
42,6.45,60.36
43,1.38,50.18
44,11.0,97.46
45,3.85,60.56
46,8.29,71.74
47,4.43,67.86
48,6.72,60.13
49,7.01,75.56
50,3.03,66.09
51,11.67,88.75
52,9.53,80.59
53,11.33,94.61
54,10.84,87.84
55,7.58,63.56
56,11.14,93.41
57,1.97,37.81
58,3.16,54.75
59,1.5,36.36
60,4.58,69.67
61,5.28,56.97
62,3.98,53.44
63,10.12,93.32
64,4.92,51.97
65,4.09,57.86
66,6.97,80.39
67,2.55,37.01
68,9.82,87.36
69,1.82,46.28
70,11.86,100.0
71,9.49,75.69
72,3.19,42.34
73,1.06,44.17
74,9.97,88.92
75,8.78,82.41
76,9.02,84.33
77,9.48,79.54
78,1.81,46.04
79,4.94,62.74
80,2.27,41.8
81,10.49,100.0
82,7.86,79.19
83,4.64,50.79
84,1.7,48.44
85,4.42,51.16
86,4.58,64.33
87,9.03,90.07
88,8.01,70.91
89,10.76,97.7
90,6.19,70.08
91,2.32,52.82
92,8.85,94.3
93,9.37,82.01
94,7.17,67.01
95,9.48,78.07
96,6.43,62.73
97,6.75,69.56
98,5.7,67.03
99,1.28,43.59
100,2.19,52.18
