Student_ID,Average_Assessment_Score,Total_VLE_Clicks
594157,74.9,8020
551171,53.57,1131
151917,75.69,1622
698010,54.25,651
473739,83.25,1318
383921,60.92,2459
574819,53.86,1267
656436,84.82,1227
608913,74.25,3464
621952,75.17,2026
651605,63.2,419
623953,69.0,188
516495,72.29,477
474495,87.06,1987
440323,48.83,918
610979,65.5,409
502356,42.2,1249
382095,76.6,2392
580709,76.86,1110
632215,95.86,5380
631715,92.17,4704
618590,75.93,1222
2268380,81.0,663
420762,89.29,950
597853,86.5,185
556774,93.43,1306
305535,66.86,143
509926,86.38,310
169858,78.67,1296
522654,77.38,773
518288,72.0,319
610537,35.8,358
2173643,92.25,2015
657319,82.75,1329
505151,44.0,182
687037,77.2,1939
58653,55.2,383
515329,59.4,795
694827,74.25,2234
583247,70.0,269
549913,74.0,1515
395373,77.64,2265
1832492,56.0,1015
406974,91.38,1148
679939,83.53,2351
647983,69.75,1104
544195,57.67,574
606977,75.0,3180
2486930,78.92,1605
585284,82.58,2312
585518,79.14,980
632402,76.67,1986
2532322,85.08,439
469624,50.86,692
596100,74.0,68
2366024,87.0,1698
535215,67.57,3247
631680,79.17,11271
632143,85.29,5814
609045,83.14,578
586705,90.55,3897
588203,77.0,1546
641085,70.0,363
46016,65.0,389
157795,92.0,1519
572303,70.69,2571
683648,79.29,1655
389101,87.8,1188
633212,83.7,353
596151,25.0,149
648695,45.0,140
283953,87.83,4297
632741,71.14,2651
625180,49.33,2
648818,71.2,763
269730,85.5,4416
614801,58.71,1706
590519,73.5,220
626857,63.78,1570
234859,70.79,401
549047,71.91,598
681200,88.5,3603
387364,59.83,2175
577937,83.29,974
681791,75.0,114
332789,74.4,1655
605390,71.7,958
2289032,61.5,271
351050,78.4,529
303288,57.33,376
104054,94.64,1451
587696,38.0,984
497897,59.0,2121
550549,84.73,290
502512,61.0,2312
552883,58.0,54
653569,61.43,1093
349093,99.2,2037
106577,53.4,733
445774,82.6,211
599568,69.0,322
604932,71.91,287
585422,70.2,2329
1778145,83.5,1029
2278101,60.58,2585
594894,76.17,1543
82341,78.57,508
686058,94.77,5856
52014,37.33,349
612473,100.0,42
600187,86.25,2591
385019,10.0,129
698256,56.2,1457
558628,70.75,8738
689900,79.33,224
475253,79.0,2572
1767786,81.0,397
549769,60.2,1483
629748,67.0,304
551796,83.25,3430
687030,30.5,150
554372,85.25,7110
308807,81.11,523
626537,78.9,1221
601126,85.89,380
581648,73.86,1087
612539,83.75,1357
575290,83.4,853
578857,65.86,348
369713,89.5,1487
546547,64.88,6278
572270,76.18,2560
603398,84.22,567
571128,81.0,3357
263524,54.33,1001
539359,91.17,4651
585114,85.29,655
2414973,49.14,255
653412,60.4,2105
609704,80.0,669
2540922,64.21,1300
589782,84.24,4327
561715,61.2,430
591083,48.33,3999
550777,81.0,344
501550,81.36,1934
680728,44.57,308
277729,46.0,395
469959,75.0,728
523630,89.09,556
614649,30.0,67
557147,55.0,859
600175,82.07,5886
628630,79.0,250
682409,76.4,1252
633505,67.08,1296
2494338,62.0,279
422479,89.7,401
2282129,74.75,129
627895,72.78,452
628663,71.89,871
2053381,79.92,1327
60162,74.22,764
304893,29.14,181
1574398,90.82,10002
556865,75.8,579
2689958,81.6,3929
576856,82.0,598
475370,90.75,2175
653301,74.0,4889
603469,42.71,1116
247902,68.64,535
524378,82.77,3794
63827,78.33,108
494789,95.7,1312
294929,57.91,3665
98842,59.4,368
531377,49.5,105
2652209,79.4,1877
507285,74.86,4374
656791,72.5,7482
1253440,69.0,517
680018,84.2,946
560879,70.56,2832
633921,84.86,1177
2411661,46.8,574
432222,70.5,4665
688225,67.25,1827
602696,85.8,1338
1414443,59.0,1907
593657,93.06,4321
444180,81.0,1278
681222,89.2,1430
680343,89.08,5034
604187,87.5,975
651281,68.11,447
674710,71.5,43
304069,53.0,91
241338,73.6,85
339381,90.73,560
674584,88.08,3102
584509,91.57,3785
564626,70.67,299
480938,66.29,741
645098,86.6,1677
533697,68.6,322
2593689,69.71,501
612814,97.67,2198
632637,48.71,1085
607196,60.83,349
2598631,56.0,201
572532,69.33,827
523589,93.0,795
66047,43.0,52
128510,85.38,872
445921,22.0,270
160934,66.0,143
602072,87.78,337
247513,94.0,648
1738582,95.2,4538
549795,45.31,1841
598538,60.0,68
587054,81.8,1910
241039,80.33,2805
2550279,62.6,2809
645248,21.5,293
552142,61.64,1411
445145,83.8,809
527227,83.55,1117
526589,74.58,2907
523833,94.5,5585
602151,91.56,1224
598962,77.43,744
545462,81.82,5375
402662,76.92,1781
544982,62.29,401
516434,68.46,2440
2608235,71.36,950
557351,81.9,718
628376,80.27,1353
595335,94.38,2367
444266,70.0,1842
532868,83.0,2775
2612102,84.75,4334
695518,82.0,899
2647893,97.67,1067
417986,54.0,1824
190930,81.82,1700
281799,67.5,89
567595,92.43,2074
432336,64.36,1505
609330,96.11,1248
57285,54.2,283
1453140,58.0,227
608735,64.0,711
598860,90.62,9392
559140,73.43,1783
31107,89.22,3873
632281,74.0,314
606939,93.75,3354
680464,87.75,3250
603446,82.91,1056
552894,72.09,962
295741,71.0,3099
623845,64.45,555
1536774,78.09,1767
436044,67.33,497
690430,28.0,651
551219,81.0,791
383303,86.22,337
633634,60.09,1510
358054,89.67,325
1118432,71.6,2728
525974,89.73,2596
648380,82.78,1272
691127,86.56,1100
1922200,66.33,1202
572697,80.14,713
549361,62.57,944
602275,85.0,2586
632339,83.83,4515
567754,94.73,1623
486516,59.2,412
624007,89.29,1280
628870,84.44,636
445239,87.86,1884
688521,92.11,456
564596,68.11,274
625826,86.0,299
542049,68.29,1775
276893,79.88,894
556887,68.09,364
547409,63.0,124
646460,74.5,3997
439002,86.33,1663
631515,80.36,4562
620431,78.42,4014
684441,69.0,369
445686,75.92,1581
590362,81.91,387
241769,73.33,213
633682,74.33,425
524128,89.89,4723
585212,84.36,429
695201,76.0,456
574605,76.0,220
422087,87.83,4405
2000491,79.25,3418
651561,53.14,175
599787,79.73,1211
167791,76.1,2734
621441,72.5,5867
620148,55.0,810
691782,87.86,7561
636364,88.12,5057
539117,61.25,1996
657245,71.14,1026
522381,59.0,995
90979,51.75,168
609900,81.25,762
559584,79.1,219
575454,52.5,76
650849,62.83,439
311889,62.73,266
689260,88.67,2140
653326,81.0,418
2016517,83.11,746
263952,88.8,1444
2615169,62.55,2513
605521,68.0,393
557652,69.36,836
535077,85.11,1562
635109,68.46,2674
585702,78.57,394
587446,72.71,1152
178496,85.89,448
597532,74.56,401
2621590,54.0,221
105939,78.67,2900
654062,85.62,277
625295,75.75,17
551573,65.38,1920
555609,66.0,427
616851,87.22,3773
603498,69.0,801
678065,70.0,544
678538,85.25,3250
607899,68.42,3464
519211,39.0,671
2566163,71.8,1591
542543,43.0,177
612230,83.2,809
695981,100.0,66
520711,72.0,3297
626539,69.33,1078
546749,91.1,1653
2131008,86.42,1744
554870,63.0,1196
546533,73.09,1406
467756,73.5,199
256740,73.67,5103
385405,74.8,766
588125,75.4,3834
521614,98.89,3335
631122,83.44,417
141377,48.83,756
653841,68.82,2716
335242,96.08,7890
2520290,51.2,4020
693514,65.8,608
505722,70.75,3128
350188,73.8,761
643568,84.25,1142
500585,51.33,426
2642935,83.4,4385
683487,50.0,320
651027,32.2,327
546408,86.0,769
624256,65.38,4913
392994,96.25,5127
642066,56.67,355
545803,61.0,444
2626417,76.0,342
556062,45.5,61
597037,73.5,158
95755,45.0,381
598966,75.83,3887
104316,80.5,928
330177,83.22,1455
74165,87.58,1897
410084,42.0,101
596041,82.14,63
625128,10.0,156
634420,64.11,2622
596017,81.55,1037
636282,73.89,532
367151,72.0,2655
579762,77.82,522
410537,83.91,318
528702,47.67,660
298777,71.29,529
322844,36.6,667
617771,45.0,144
681735,65.0,343
1759799,90.58,6341
496590,61.8,733
677004,44.0,869
2082318,79.1,441
688811,81.0,411
554141,65.2,244
332945,94.25,2711
638051,45.0,433
495621,48.3,1361
443181,80.25,1897
629820,83.89,302
483037,67.75,3860
656010,54.25,1153
69491,66.0,373
550638,64.6,849
472857,60.5,705
345068,78.0,547
656682,30.0,162
376109,80.17,2054
594677,89.36,769
392213,74.45,672
594693,88.82,618
532695,62.57,4207
597166,44.0,499
631670,84.57,1323
679854,88.29,4291
482117,40.0,163
695700,71.0,697
1541906,82.67,806
2663131,79.08,2077
603834,61.8,341
598983,64.52,3812
122392,54.0,809
598664,84.71,2275
2462576,80.8,241
695205,76.6,2219
576888,78.42,2942
473340,53.5,341
466289,77.62,7413
590837,61.75,1412
682301,52.56,1065
630488,82.0,3108
688118,88.25,1781
91470,66.43,1521
687503,77.67,6249
583946,75.86,1950
176086,68.0,443
1531649,78.0,755
552025,84.22,441
571540,88.8,401
698399,52.5,68
597451,81.0,49
604567,85.58,2195
617525,81.4,591
582574,81.27,1224
600895,88.33,894
630881,87.0,676
470340,89.38,568
2646291,70.57,1188
638677,80.33,1308
575630,63.2,956
2600887,89.0,2569
503023,68.14,588
637388,60.2,2300
602943,87.2,975
694338,57.2,1023
489507,59.29,449
2395016,81.0,577
514000,80.0,178
1990650,77.0,55
599815,84.44,673
652288,1.0,971
688033,47.0,665
545080,65.64,2106
533016,72.67,1518
2574825,50.0,127
620092,87.64,3235
552635,73.21,1432
693162,88.25,5989
530481,68.0,9
655115,87.83,5252
2358423,66.57,2184
2060467,81.5,2695
379234,55.0,331
587008,78.22,3755
345313,43.79,563
2500149,85.5,3812
684981,91.56,4840
651995,95.25,1890
655039,66.29,329
647312,1.0,213
695235,74.0,919
269510,74.25,319
511001,76.8,2713
378953,79.33,591
1963677,71.14,726
588850,80.86,1301
2439239,73.0,5398
586371,76.57,652
496542,49.75,1182
558764,75.75,3750
596125,72.0,800
2286544,91.5,1979
549751,64.0,2633
558435,87.45,948
505754,80.4,376
397829,77.0,548
542202,75.17,4278
492909,83.12,519
608698,76.75,1612
430530,85.0,446
385495,83.6,738
609044,44.67,253
389362,46.71,3478
622386,76.25,3852
635793,84.67,82
382339,68.5,1
678057,31.6,1496
393934,74.0,1090
681195,62.5,328
437171,82.55,1079
466539,82.86,2551
601854,90.0,252
289247,86.25,2693
651730,68.0,190
648951,38.0,934
612370,72.3,510
656854,80.67,1597
444117,92.91,325
637238,46.0,1115
542287,65.33,3324
652335,79.92,5569
188260,79.0,918
2327494,78.24,1888
509710,23.5,242
543533,59.5,376
656414,86.83,3276
657330,80.42,3676
309580,94.93,6180
549783,93.43,7058
238255,45.5,219
486391,89.55,1246
541521,81.67,4247
270421,89.92,3592
594910,82.14,536
2629503,100.0,29
2641236,88.0,1380
552902,83.3,500
74734,83.0,208
296424,77.2,1695
2294490,91.0,899
623180,66.0,650
588642,77.45,475
569935,69.43,1381
683273,78.0,41
585837,88.75,2052
653354,68.33,242
349675,59.25,13
606990,69.08,1535
2442423,84.33,478
468120,40.0,116
555498,83.95,7576
569560,86.0,954
570689,71.25,1165
684526,89.0,1826
1170618,92.6,550
627403,87.73,2146
406671,79.6,405
331404,89.0,1994
590308,74.5,114
676333,93.5,1728
596104,59.83,637
693294,58.0,515
554283,61.71,676
334333,36.0,303
555994,72.7,324
554484,82.64,1435
549847,76.83,5034
626530,59.58,3515
533614,85.25,3723
387335,60.5,171
690554,1.0,16
596143,84.89,408
597744,32.33,175
556999,88.27,320
571862,88.33,4952
306964,81.0,536
580834,91.25,8108
556853,70.8,195
645081,78.14,1615
692474,67.67,269
605068,55.4,1854
649614,93.71,764
373369,91.5,1137
647614,92.5,159
2014252,54.64,373
589582,56.67,650
2384819,85.1,354
521541,69.5,922
536261,82.91,1118
2412152,92.08,6408
557709,69.0,223
630354,59.0,412
491636,90.83,5019
595342,84.5,696
405471,83.18,734
685668,95.5,2421
98313,80.73,145
401349,93.27,1439
526417,90.17,7186
397292,48.0,650
527382,67.0,46
551902,34.17,1713
531755,73.64,242
651693,75.5,594
1757662,88.5,3587
621881,72.25,1833
499865,83.5,1929
381439,40.5,230
423488,66.58,2327
600547,81.0,5082
544839,94.22,11539
556042,56.33,218
237602,85.14,1212
591787,74.36,185
633628,62.0,533
610059,73.3,363
647195,97.78,1237
623321,84.0,453
343709,61.83,1097
590443,81.57,3689
177781,83.33,343
644990,73.0,2240
518503,67.0,169
546941,81.64,790
471669,49.5,206
616913,66.27,2200
584571,50.0,603
686194,79.56,886
546192,94.44,524
627660,47.8,1688
2648035,85.67,2920
634905,89.86,1590
645847,90.0,1222
516095,61.5,2591
558820,76.3,1008
491106,63.86,978
631771,93.81,4256
651423,87.67,1661
694490,70.0,1072
604337,69.5,752
697482,79.0,492
602398,84.75,1341
604921,70.55,2533
678955,56.6,911
569132,57.5,5012
157060,68.5,302
602820,78.88,741
634526,81.33,5534
603108,81.75,1592
591412,79.0,460
406326,67.0,249
165617,64.8,4104
633432,42.17,576
690198,90.75,3860
635011,78.45,183
1843355,39.18,2006
1731564,80.33,468
621369,81.7,863
425314,100.0,12
339513,80.5,1054
633397,80.0,132
596035,68.29,786
621696,74.24,14687
527751,49.57,1046
581063,81.33,712
580688,97.0,2380
1860171,92.67,723
531428,66.0,90
383311,0.0,60
1887108,92.83,5266
651267,0.0,1018
398877,78.5,2136
518134,91.0,333
308767,61.62,460
641804,63.12,1701
2639115,83.25,3552
578744,85.5,2829
600387,65.2,1197
571610,72.67,1960
482187,87.83,4871
581414,60.0,174
425287,51.92,1123
379720,52.8,556
578495,74.0,188
2600862,90.0,1966
614249,69.0,9
530936,16.0,251
552282,52.43,446
575112,83.58,3501
405219,88.58,7878
383907,81.75,6451
447306,20.0,87
537704,68.2,784
523762,68.31,1145
537652,61.25,709
605265,66.58,2570
603848,56.06,3201
653059,1.0,84
601247,71.6,1177
569840,73.71,1701
541231,72.12,1561
593631,80.64,977
653659,63.0,167
570004,72.27,2440
500772,63.92,2407
685199,91.25,1452
168843,51.0,465
624011,80.27,540
651863,70.4,1686
649095,77.5,1934
559454,78.42,4017
604907,71.33,428
381544,76.0,618
526721,93.25,4576
693197,76.25,1552
385387,98.78,6059
627321,60.0,3
651942,75.2,626
565657,84.71,2774
681973,78.8,2080
627622,70.17,2488
404269,85.36,755
623667,78.85,2293
77845,68.33,472
548954,78.55,124
387656,69.5,469
490587,41.0,690
354988,73.75,754
502131,77.0,320
508626,71.08,9143
286402,87.64,1669
595436,80.78,510
354895,76.2,519
412268,30.0,787
579367,87.57,2569
373848,79.91,562
173163,37.5,900
641134,68.33,128
576107,65.18,1448
620231,61.31,1918
523012,89.82,901
2527077,86.0,1190
439710,90.36,631
656454,72.71,1107
597253,86.11,801
585779,79.18,1188
611377,77.86,882
393094,76.0,575
591602,79.44,322
650010,84.0,714
589875,64.29,1117
353093,92.1,4145
369234,28.67,576
545297,75.0,32
605255,84.5,410
505520,52.67,181
596521,70.0,831
677201,59.0,605
692164,55.2,1718
595023,80.2,1309
591403,89.75,6816
2290883,83.08,4591
502868,68.22,1564
541531,81.89,1495
686525,88.25,1873
426458,76.6,450
337048,29.0,47
585050,79.5,5024
555440,76.71,4874
1360953,93.78,1896
548099,75.0,5844
230081,80.55,727
503889,69.0,1901
688337,74.1,3253
580525,82.0,1113
1390051,76.0,1583
552708,92.17,4560
572335,82.5,243
438703,78.36,312
1962128,59.0,377
623263,61.33,523
610340,77.4,105
315105,83.91,737
2238148,91.83,5492
685772,65.5,4695
1819994,90.29,2626
468792,85.33,251
630812,69.25,521
145770,41.0,42
614754,82.25,2555
443438,55.5,564
627168,78.0,792
576761,71.33,742
2312620,32.0,1129
551252,95.73,1094
343781,89.86,1674
2441910,67.3,1045
625108,94.4,2034
68376,69.83,1085
552284,70.43,1694
586598,85.0,370
633100,67.0,195
498236,61.44,1428
680270,74.0,2578
633093,71.0,1052
555619,60.0,1005
521394,89.2,1952
199897,69.4,2135
634427,83.25,3740
598103,65.86,760
2080916,95.0,978
2523736,61.75,470
59370,64.29,2057
600335,70.54,3294
2588742,73.45,309
444847,38.0,74
2435726,86.75,1528
546299,42.38,464
613310,95.4,366
474949,64.83,2881
647154,66.42,2422
583686,58.0,37
388259,71.43,376
2487982,84.5,14807
504466,81.3,866
414258,54.8,5349
501960,63.36,958
695825,66.4,2374
341509,70.7,328
542562,64.7,1418
547173,89.25,1050
682223,86.4,512
513396,51.0,486
605538,82.17,3599
232286,70.08,4257
541973,73.57,336
651850,58.2,1366
655136,82.29,508
617889,56.0,81
634167,91.6,1453
576383,92.62,4284
683336,84.89,713
2386732,90.5,6660
2661827,81.25,2773
642075,100.0,222
258010,48.33,1096
542646,83.5,4050
543439,58.2,1130
2457907,70.4,865
558787,85.71,1513
2333244,91.64,2900
645232,87.78,1408
689129,80.75,330
561930,80.5,1128
507334,75.75,996
561905,52.8,947
560949,79.0,3782
2056643,91.25,7926
292713,59.4,321
483818,85.14,1548
589162,86.58,4885
366492,74.83,2697
530650,74.56,479
507743,81.08,5004
516841,84.18,559
653793,86.43,2376
683091,85.86,2838
558772,81.67,3762
633355,83.71,806
545223,71.2,4524
510737,49.25,211
426547,88.33,758
555838,88.09,687
529563,74.33,1450
557608,61.33,264
569080,91.05,9555
548844,65.0,205
42552,71.0,5079
650979,33.4,904
439305,73.0,613
564933,91.0,2374
591094,71.67,593
478550,80.33,7225
557415,88.5,1539
548871,64.2,323
2035022,92.0,112
1587817,70.0,583
604315,90.45,2848
574843,58.6,749
497855,77.75,1565
2455893,80.0,1678
126608,61.18,443
1847146,73.18,973
556892,88.73,1934
484475,79.0,161
418971,72.5,731
1577134,47.93,5563
485980,71.36,994
686549,55.0,249
644742,84.5,2183
676916,80.57,1853
276314,68.36,2013
187257,80.9,315
537756,60.14,563
564081,32.33,325
553832,64.5,761
348439,74.0,171
674671,78.83,4170
613464,72.83,1935
2626410,62.8,1184
157752,49.6,368
489443,70.58,1577
2096251,80.25,3832
464780,49.6,1126
1863244,75.0,20
2523146,82.3,643
648335,1.0,111
159947,75.67,2495
599275,69.25,854
2411981,67.0,484
109155,67.8,3019
2197175,87.42,6726
2501479,77.9,855
547506,71.08,1935
364239,82.57,2152
239459,75.5,2330
1627052,81.17,4806
608169,57.75,1841
692484,61.8,942
1997796,88.0,518
265855,75.17,8400
611049,89.75,845
695676,86.0,395
577764,90.42,8101
553275,62.23,660
500597,50.89,1919
483479,84.0,274
555497,65.5,175
594505,76.58,1691
631848,81.5,357
676498,52.83,564
653352,54.0,571
531646,55.71,584
682117,67.57,260
605312,76.25,5189
277577,74.58,4782
514031,88.78,1157
630745,69.0,1557
686762,43.8,838
680981,57.5,61
414094,60.43,795
409949,50.0,403
336646,60.0,75
550003,74.0,309
556012,63.75,298
417410,40.0,90
694848,94.75,3886
412284,85.5,851
289397,81.67,476
287107,88.18,4822
521115,85.4,3572
587923,71.8,432
695484,66.0,432
564262,79.08,3287
649041,45.57,672
694341,48.4,1290
504728,83.5,1099
649638,100.0,363
584766,88.9,979
445785,41.0,323
476355,47.0,252
651734,95.0,702
444858,69.56,646
2567054,93.42,3997
586315,74.14,1390
593246,76.11,240
2492827,68.5,980
582651,74.8,315
695220,66.0,307
493760,78.5,1962
628506,70.0,823
531845,37.0,352
2306410,83.25,2703
383517,76.83,3393
2590948,73.0,101
603620,83.14,2312
648564,87.75,3959
575199,65.25,748
126769,60.0,1362
609605,69.0,1326
581178,69.77,643
653944,53.8,29
695432,77.5,716
394024,82.22,1371
234929,83.7,422
654876,53.0,182
592287,70.0,200
577605,76.17,1392
561061,77.64,209
553729,80.91,168
2642994,90.0,511
542296,66.64,1330
528353,84.82,1197
605245,85.0,314
346333,80.43,1591
1008675,76.91,1913
518661,62.0,103
587183,80.0,828
248270,78.4,1969
579052,69.86,2470
678790,76.93,1785
110881,72.91,5032
550142,57.06,1190
625283,75.71,583
562437,62.17,1168
629506,83.75,1568
696044,87.0,341
2561971,87.0,1224
530841,81.55,1731
554068,56.25,560
495887,89.75,2341
680569,89.44,294
290854,79.43,1166
678144,40.5,132
691269,73.25,3280
2419081,84.0,574
689754,80.89,351
553741,60.0,637
677167,85.08,4293
518412,83.75,2249
2686035,57.0,1705
568566,82.29,1489
654678,100.0,381
574815,68.5,884
169213,67.55,332
2035574,79.2,1253
506767,61.54,756
130467,65.71,1224
645790,49.0,73
630655,78.58,1560
590328,75.92,2164
260623,70.2,1178
643510,72.25,1439
625555,82.29,726
618942,72.0,819
616517,89.5,4126
508775,33.0,947
654401,58.29,856
689161,87.25,1651
698024,66.5,536
369378,86.5,354
590018,76.0,4946
596157,65.78,6206
647765,75.0,1984
476937,55.2,2419
684420,56.2,14
530558,76.58,5017
28897,71.33,3367
656086,76.17,2073
2624569,65.17,277
686093,1.0,705
518831,85.08,9570
652881,56.25,348
611588,41.6,374
634187,87.33,1064
582197,78.57,756
618989,78.17,4703
606082,79.71,839
610828,54.0,1411
696671,74.25,1700
132401,80.6,996
470002,52.0,372
680878,1.0,7
646091,76.0,379
28808,70.0,232
624763,77.0,5768
522428,92.33,4
532941,45.67,67
356274,30.0,149
382738,63.92,1268
631788,65.0,9
619292,94.75,9616
549892,76.0,242
685499,88.0,1737
632638,68.2,179
689089,49.8,70
400958,51.44,738
627471,86.92,5594
379278,77.67,3896
568948,91.25,2226
678058,32.67,261
652886,52.6,116
685292,61.33,1420
386671,78.6,2261
1878648,92.5,2383
628119,84.3,1179
557827,67.88,705
2315082,90.33,126
1847481,80.17,1527
245605,91.5,1525
676272,54.45,1209
2172709,77.83,181
485962,80.4,1034
38711,38.75,169
563987,72.27,562
611690,78.9,347
356297,63.92,4559
2266377,77.0,105
581889,81.75,658
579506,68.5,1578
605327,54.8,360
629891,89.0,724
574244,62.0,590
421205,66.5,225
526235,45.18,1037
398529,56.5,123
573704,62.58,2480
681235,73.14,3378
558021,79.0,1290
582333,93.55,843
339640,90.5,1373
2521655,88.17,9118
232827,92.5,1241
558121,77.92,3047
550867,67.4,450
590189,65.78,1474
422343,84.75,964
324236,82.38,4795
292775,81.6,1859
600142,42.71,911
653688,80.25,1827
646418,64.4,1249
144959,75.0,864
572281,75.57,1794
1492571,85.25,5248
587564,69.2,725
573297,61.0,1035
632514,72.78,546
360747,84.33,2681
29820,80.62,2502
337748,44.0,93
566460,59.0,729
2172136,95.21,2025
581533,81.0,705
698460,88.11,2873
632305,72.57,263
510868,45.75,6
490394,55.8,420
114558,69.0,1620
656815,91.75,1631
555747,89.6,2397
367815,65.67,248
70537,80.75,2434
592997,62.77,4778
632795,60.0,163
623588,76.44,1200
533709,90.0,188
549636,75.0,1071
494919,73.61,4205
697042,74.25,1512
624476,72.33,341
189624,58.0,4949
632618,76.6,526
398496,69.33,7333
637067,58.89,271
599341,84.8,3846
1679862,78.0,434
604828,80.0,469
647345,55.0,20
554551,77.5,586
557542,72.0,580
542692,25.0,24
632623,71.67,1781
480086,89.0,341
609817,66.38,366
232856,89.83,5048
597669,75.44,1777
592221,67.14,394
496442,69.73,232
648117,62.11,394
352051,67.86,72
522743,74.0,3103
354688,64.75,359
689983,90.75,2315
1910049,87.5,4023
